#
# There is insufficient memory for the Java Runtime Environment to continue.
# Native memory allocation (malloc) failed to allocate 1063056 bytes. Error detail: Chunk::new
# Possible reasons:
#   The system is out of physical RAM or swap space
#   This process is running with CompressedOops enabled, and the Java Heap may be blocking the growth of the native heap
# Possible solutions:
#   Reduce memory load on the system
#   Increase physical memory or swap space
#   Check if swap backing store is full
#   Decrease Java heap size (-Xmx/-Xms)
#   Decrease number of Java threads
#   Decrease Java thread stack sizes (-Xss)
#   Set larger code cache with -XX:ReservedCodeCacheSize=
#   JVM is running with Unscaled Compressed Oops mode in which the Java heap is
#     placed in the first 4GB address space. The Java Heap base address is the
#     maximum limit for the native heap growth. Please use -XX:HeapBaseMinAddress
#     to set the Java Heap base and to place the Java Heap above 4GB virtual address.
# This output file may be truncated or incomplete.
#
#  Out of Memory Error (arena.cpp:168), pid=27380, tid=10808
#
# JRE version: OpenJDK Runtime Environment JBR-21.0.9+1-1163.86-jcef (21.0.9+1) (build 21.0.9+1-b1163.86)
# Java VM: OpenJDK 64-Bit Server VM JBR-21.0.9+1-1163.86-jcef (21.0.9+1-b1163.86, mixed mode, sharing, tiered, compressed oops, compressed class ptrs, g1 gc, windows-amd64)
# No core dump will be written. Minidumps are not enabled by default on client versions of Windows
#

---------------  S U M M A R Y ------------

Command Line: abort vfprintf -XX:ErrorFile=C:\Users\andra\java_error_in_pycharm_%p.log -XX:HeapDumpPath=C:\Users\andra\java_error_in_pycharm.hprof -Xms256m -Xmx2048m -XX:JbrShrinkingGcMaxHeapFreeRatio=40 -XX:ReservedCodeCacheSize=512m -XX:+HeapDumpOnOutOfMemoryError -XX:-OmitStackTraceInFastThrow -XX:CICompilerCount=2 -XX:+IgnoreUnrecognizedVMOptions -XX:+UnlockDiagnosticVMOptions -XX:TieredOldPercentage=100000 -ea -Dsun.io.useCanonCaches=false -Dsun.java2d.metal=true -Djbr.catch.SIGABRT=true -Djdk.http.auth.tunneling.disabledSchemes="" -Djdk.attach.allowAttachSelf=true -Djdk.module.illegalAccess.silent=true -Djdk.nio.maxCachedBufferSize=2097152 -Djava.util.zip.use.nio.for.zip.file.access=true -Dkotlinx.coroutines.debug=off -Djava.nio.file.spi.DefaultFileSystemProvider=com.intellij.platform.core.nio.fs.MultiRoutingFileSystemProvider -Dwelcome.screen.defaultWidth=1000 -Dwelcome.screen.defaultHeight=720 -Dintellij.startup.wizard.initial.timeout=1 -Xms128m -Xmx1024m -XX:ReservedCodeCacheSize=512m -XX:+IgnoreUnrecognizedVMOptions -XX:+UseG1GC -XX:SoftRefLRUPolicyMSPerMB=50 -XX:CICompilerCount=2 -XX:+HeapDumpOnOutOfMemoryError -XX:-OmitStackTraceInFastThrow -ea -Dsun.io.useCanonCaches=false -Djdk.http.auth.tunneling.disabledSchemes="" -Djdk.attach.allowAttachSelf=true -Djdk.module.illegalAccess.silent=true -Dkotlinx.coroutines.debug=off -XX:ErrorFile=$USER_HOME/java_error_in_idea_%p.log -XX:HeapDumpPath=$USER_HOME/java_error_in_idea.hprof --add-opens=java.base/jdk.internal.org.objectweb.asm=ALL-UNNAMED --add-opens=java.base/jdk.internal.org.objectweb.asm.tree=ALL-UNNAMED -javaagent:C:\ja-netfilter-all\ja-netfilter.jar=jetbrains -Djb.vmOptionsFile=C:\ja-netfilter-all\vmoptions\pycharm.vmoptions -Xbootclasspath/a:C:\Program Files\JetBrains\PyCharm 2025.3.1.1\lib\nio-fs.jar -Djava.system.class.loader=com.intellij.util.lang.PathClassLoader -Didea.vendor.name=JetBrains -Didea.paths.selector=PyCharm2025.3 -Djna.boot.library.path=C:\Program Files\JetBrains\PyCharm 2025.3.1.1/lib/jna/amd64 -Djna.nosys=true -Djna.noclasspath=true -Dpty4j.preferred.native.folder=C:\Program Files\JetBrains\PyCharm 2025.3.1.1/lib/pty4j -Dio.netty.allocator.type=pooled -Dskiko.library.path=C:\Program Files\JetBrains\PyCharm 2025.3.1.1/lib/skiko-awt-runtime-all -Dintellij.platform.runtime.repository.path=C:\Program Files\JetBrains\PyCharm 2025.3.1.1/modules/module-descriptors.dat -Didea.platform.prefix=Python -Dwsl.use.remote.agent.for.nio.filesystem=true -Djava.nio.file.spi.DefaultFileSystemProvider=com.intellij.platform.core.nio.fs.MultiRoutingFileSystemProvider -Dsplash=true -Daether.connector.resumeDownloads=false -Dcompose.swing.render.on.graphics=true --add-opens=java.base/java.io=ALL-UNNAMED --add-opens=java.base/java.lang=ALL-UNNAMED --add-opens=java.base/java.lang.ref=ALL-UNNAMED --add-opens=java.base/java.lang.reflect=ALL-UNNAMED --add-opens=java.base/java.net=ALL-UNNAMED --add-opens=java.base/java.nio=ALL-UNNAMED --add-opens=java.base/java.nio.charset=ALL-UNNAMED --add-opens=java.base/java.text=ALL-UNNAMED --add-opens=java.base/java.time=ALL-UNNAMED --add-opens=java.base/java.util=ALL-UNNAMED --add-opens=java.base/java.util.concurrent=ALL-UNNAMED --add-opens=java.base/java.util.concurrent.atomic=ALL-UNNAMED --add-opens=java.base/java.util.concurrent.locks=ALL-UNNAMED --add-opens=java.base/jdk.internal.ref=ALL-UNNAMED --add-opens=java.base/jdk.internal.vm=ALL-UNNAMED --add-opens=java.base/sun.net.dns=ALL-UNNAMED --add-opens=java.base/sun.nio=ALL-UNNAMED --add-opens=java.base/sun.nio.ch=ALL-UNNAMED --add-opens=java.base/sun.nio.fs=ALL-UNNAMED --add-opens=java.base/sun.security.ssl=ALL-UNNAMED --add-opens=java.base/sun.security.util=ALL-UNNAMED --add-opens=java.desktop/com.sun.java.swing=ALL-UNNAMED --add-opens=java.desktop/java.awt=ALL-UNNAMED --add-opens=java.desktop/java.awt.dnd.peer=ALL-UNNAMED --add-opens=java.desktop/java.awt.event=ALL-UNNAMED --add-opens=java.desktop/java.awt.font=ALL-UNNAMED --add-opens=java.desktop/java.awt.image=ALL-UNNAMED --add-opens=java.desktop/java.awt.peer=ALL-UNNAMED --add-opens=java.desktop/javax.swing=ALL-UNNAMED --add-opens=java.desktop/javax.swing.plaf.basic=ALL-UNNAMED --add-opens=java.desktop/javax.swing.text=ALL-UNNAMED --add-opens=java.desktop/javax.swing.text.html=ALL-UNNAMED --add-opens=java.desktop/javax.swing.text.html.parser=ALL-UNNAMED --add-opens=java.desktop/sun.awt=ALL-UNNAMED --add-opens=java.desktop/sun.awt.datatransfer=ALL-UNNAMED --add-opens=java.desktop/sun.awt.image=ALL-UNNAMED --add-opens=java.desktop/sun.awt.windows=ALL-UNNAMED --add-opens=java.desktop/sun.font=ALL-UNNAMED --add-opens=java.desktop/sun.java2d=ALL-UNNAMED --add-opens=java.desktop/sun.swing=ALL-UNNAMED --add-opens=java.management/sun.management=ALL-UNNAMED --add-opens=jdk.attach/sun.tools.attach=ALL-UNNAMED --add-opens=jdk.compiler/com.sun.tools.javac.api=ALL-UNNAMED --add-opens=jdk.internal.jvmstat/sun.jvmstat.monitor=ALL-UNNAMED --add-opens=jdk.jdi/com.sun.tools.jdi=ALL-UNNAMED -Dide.native.launcher=true -Djcef.sandbox.ptr=0000027A27A0C090 -Djcef.sandbox.cefVersion=122.1.9+gd14e051+chromium-122.0.6261.94 com.intellij.idea.Main C:\Users\andra\Desktop\Informatics\Hackaton\MIPT_Artraid_Hack\Artraid\EDA\CythonFiles\setup.py

Host: AMD Ryzen 5 5500U with Radeon Graphics         , 12 cores, 7G,  Windows 11 , 64 bit Build 26100 (10.0.26100.7920)
Time: Sat Apr  4 22:51:27 2026 elapsed time: 102591.273166 seconds (1d 4h 29m 51s)

---------------  T H R E A D  ---------------

Current thread (0x0000027a99029b90):  JavaThread "C2 CompilerThread0" daemon [_thread_in_native, id=10808, stack(0x000000ffd5000000,0x000000ffd5100000) (1024K)]


Current CompileTask:
C2:102591273 172470       4       com.intellij.diagnostic.CoroutineDumperKt::toRepresentation (393 bytes)

Stack: [0x000000ffd5000000,0x000000ffd5100000]
Native frames: (J=compiled Java code, j=interpreted, Vv=VM code, C=native code)
V  [jvm.dll+0x6ec339]
V  [jvm.dll+0x8cc463]
V  [jvm.dll+0x8cea7e]
V  [jvm.dll+0x8cf163]
V  [jvm.dll+0x28b006]
V  [jvm.dll+0xc6f3d]
V  [jvm.dll+0xc7473]
V  [jvm.dll+0x301db0]
V  [jvm.dll+0x611df9]
V  [jvm.dll+0x25b0b2]
V  [jvm.dll+0x25b46f]
V  [jvm.dll+0x253c15]
V  [jvm.dll+0x25146e]
V  [jvm.dll+0x1ceb04]
V  [jvm.dll+0x260e0e]
V  [jvm.dll+0x25f356]
V  [jvm.dll+0x4031b6]
V  [jvm.dll+0x874178]
V  [jvm.dll+0x6eaabd]
C  [ucrtbase.dll+0x37b0]
C  [KERNEL32.DLL+0x2e8d7]
C  [ntdll.dll+0x8c48c]


---------------  P R O C E S S  ---------------

Threads class SMR info:
_java_thread_list=0x0000027b13923430, length=74, elements={
0x0000027a2a1cbd90, 0x0000027a526ada30, 0x0000027a99004090, 0x0000027a99004700,
0x0000027a99005cb0, 0x0000027a9900a330, 0x0000027a9900f270, 0x0000027a9900e230,
0x0000027a99029b90, 0x0000027a99034a10, 0x0000027a99349340, 0x0000027abdb536d0,
0x0000027abdb56b50, 0x0000027abdb571e0, 0x0000027abeadd310, 0x0000027abeadd9a0,
0x0000027abeadcc80, 0x0000027ac1200bb0, 0x0000027ac1204d50, 0x0000027ac12046c0,
0x0000027ad50eee10, 0x0000027af82ce780, 0x0000027af82cee10, 0x0000027af82cf4a0,
0x0000027af82d1c00, 0x0000027ad569e190, 0x0000027abd44c230, 0x0000027a026d1480,
0x0000027a02fab650, 0x0000027a02fb6780, 0x0000027a0dea8c20, 0x0000027a0e73bba0,
0x0000027a1f2b2560, 0x0000027b02213020, 0x0000027b139cd450, 0x0000027b12f2bb30,
0x0000027b12f2cee0, 0x0000027b24f0e800, 0x0000027b05efed20, 0x0000027b05f000d0,
0x0000027b05f00df0, 0x0000027b126799d0, 0x0000027b1267a6f0, 0x0000027b05e11830,
0x0000027b12696750, 0x0000027b25b2d6a0, 0x0000027b07520120, 0x0000027b06e9cd20,
0x0000027b197f2460, 0x0000027b1a435aa0, 0x0000027b229b7060, 0x0000027b06aa4370,
0x0000027b075214d0, 0x0000027a1ef31150, 0x0000027b22d6a760, 0x0000027b022136b0,
0x0000027b21615d20, 0x0000027b223a60e0, 0x0000027b197f4530, 0x0000027b267b0ad0,
0x0000027a1ef30ac0, 0x0000027b223a3980, 0x0000027b1a8d99e0, 0x0000027b25b2fe00,
0x0000027b09d0fea0, 0x0000027b1a8dbab0, 0x0000027b197f3ea0, 0x0000027b197f4bc0,
0x0000027b223a6e00, 0x0000027b227c13f0, 0x0000027b1a8da070, 0x0000027b1a8da700,
0x0000027b229b76f0, 0x0000027b09d10530
}

Java Threads: ( => current thread )
  0x0000027a2a1cbd90 JavaThread "main"                              [_thread_blocked, id=16184, stack(0x000000ffd4000000,0x000000ffd4200000) (2048K)]
  0x0000027a526ada30 JavaThread "Common-Cleaner"             daemon [_thread_blocked, id=21156, stack(0x000000ffd4900000,0x000000ffd4a00000) (1024K)]
  0x0000027a99004090 JavaThread "Reference Handler"          daemon [_thread_blocked, id=20000, stack(0x000000ffd4a00000,0x000000ffd4b00000) (1024K)]
  0x0000027a99004700 JavaThread "Finalizer"                  daemon [_thread_blocked, id=28896, stack(0x000000ffd4b00000,0x000000ffd4c00000) (1024K)]
  0x0000027a99005cb0 JavaThread "Signal Dispatcher"          daemon [_thread_blocked, id=25356, stack(0x000000ffd4c00000,0x000000ffd4d00000) (1024K)]
  0x0000027a9900a330 JavaThread "Attach Listener"            daemon [_thread_blocked, id=19056, stack(0x000000ffd4d00000,0x000000ffd4e00000) (1024K)]
  0x0000027a9900f270 JavaThread "Service Thread"             daemon [_thread_blocked, id=22140, stack(0x000000ffd4e00000,0x000000ffd4f00000) (1024K)]
  0x0000027a9900e230 JavaThread "Monitor Deflation Thread"   daemon [_thread_blocked, id=28060, stack(0x000000ffd4f00000,0x000000ffd5000000) (1024K)]
=>0x0000027a99029b90 JavaThread "C2 CompilerThread0"         daemon [_thread_in_native, id=10808, stack(0x000000ffd5000000,0x000000ffd5100000) (1024K)]
  0x0000027a99034a10 JavaThread "C1 CompilerThread0"         daemon [_thread_blocked, id=18480, stack(0x000000ffd5100000,0x000000ffd5200000) (1024K)]
  0x0000027a99349340 JavaThread "Notification Thread"        daemon [_thread_blocked, id=25604, stack(0x000000ffd5400000,0x000000ffd5500000) (1024K)]
  0x0000027abdb536d0 JavaThread "Java2D Disposer"            daemon [_thread_blocked, id=25488, stack(0x000000ffd6800000,0x000000ffd6900000) (1024K)]
  0x0000027abdb56b50 JavaThread "AWT-Shutdown"                      [_thread_blocked, id=27060, stack(0x000000ffd6900000,0x000000ffd6a00000) (1024K)]
  0x0000027abdb571e0 JavaThread "AWT-Windows"                daemon [_thread_in_native, id=9696, stack(0x000000ffd6a00000,0x000000ffd6b00000) (1024K)]
  0x0000027abeadd310 JavaThread "AWT-EventQueue-0"                  [_thread_blocked, id=24648, stack(0x000000ffd6b00000,0x000000ffd6c00000) (1024K)]
  0x0000027abeadd9a0 JavaThread "Kernel event loop thread gu6oga0fod6igot023tc" daemon [_thread_blocked, id=26128, stack(0x000000ffd6c00000,0x000000ffd6d00000) (1024K)]
  0x0000027abeadcc80 JavaThread "External Command Listener"  daemon [_thread_in_native, id=27584, stack(0x000000ffd6d00000,0x000000ffd6e00000) (1024K)]
  0x0000027ac1200bb0 JavaThread "kotlinx.coroutines.DefaultExecutor" daemon [_thread_blocked, id=12548, stack(0x000000ffd7300000,0x000000ffd7400000) (1024K)]
  0x0000027ac1204d50 JavaThread "PeriodicMetricReader"       daemon [_thread_blocked, id=27660, stack(0x000000ffd7400000,0x000000ffd7500000) (1024K)]
  0x0000027ac12046c0 JavaThread "Coroutines Debugger Cleaner" daemon [_thread_blocked, id=28080, stack(0x000000ffd7500000,0x000000ffd7600000) (1024K)]
  0x0000027ad50eee10 JavaThread "Periodic tasks thread"      daemon [_thread_blocked, id=25808, stack(0x000000ffd7c00000,0x000000ffd7d00000) (1024K)]
  0x0000027af82ce780 JavaThread "Netty Builtin Server 1"     daemon [_thread_in_native, id=2872, stack(0x000000ffd7e00000,0x000000ffd7f00000) (1024K)]
  0x0000027af82cee10 JavaThread "Netty Station Server 1-1"   daemon [_thread_in_native, id=20876, stack(0x000000ffd7f00000,0x000000ffd8000000) (1024K)]
  0x0000027af82cf4a0 JavaThread "Netty Station Client 1-1"   daemon [_thread_in_native, id=17756, stack(0x000000ffd8000000,0x000000ffd8100000) (1024K)]
  0x0000027af82d1c00 JavaThread "fsnotifier.exe"                    [_thread_in_native, id=17348, stack(0x000000ffd8200000,0x000000ffd8300000) (1024K)]
  0x0000027ad569e190 JavaThread "BaseDataReader: output stream of fsnotifier.exe"        [_thread_blocked, id=25448, stack(0x000000ffd8300000,0x000000ffd8400000) (1024K)]
  0x0000027abd44c230 JavaThread "BaseDataReader: error stream of fsnotifier.exe"        [_thread_in_native, id=18396, stack(0x000000ffd8400000,0x000000ffd8500000) (1024K)]
  0x0000027a026d1480 JavaThread "JNA Cleaner"                daemon [_thread_blocked, id=27720, stack(0x000000ffd8600000,0x000000ffd8700000) (1024K)]
  0x0000027a02fab650 JavaThread "Netty Station Client 1-2"   daemon [_thread_in_native, id=7192, stack(0x000000ffd8b00000,0x000000ffd8c00000) (1024K)]
  0x0000027a02fb6780 JavaThread "Windows Shell integration"  daemon [_thread_blocked, id=27420, stack(0x000000ffd9100000,0x000000ffd9200000) (1024K)]
  0x0000027a0dea8c20 JavaThread "HandlingStartupEventsContext" daemon [_thread_blocked, id=24056, stack(0x000000ffd9b00000,0x000000ffd9c00000) (1024K)]
  0x0000027a0e73bba0 JavaThread "TimerQueue"                 daemon [_thread_blocked, id=12436, stack(0x000000ffd8500000,0x000000ffd8600000) (1024K)]
  0x0000027a1f2b2560 JavaThread "JVMResponsivenessMonitor"   daemon [_thread_blocked, id=28168, stack(0x000000ffd8900000,0x000000ffd8a00000) (1024K)]
  0x0000027b02213020 JavaThread "Trigram.Index Writer #1"    daemon [_thread_blocked, id=16804, stack(0x000000ffdfa00000,0x000000ffdfb00000) (1024K)]
  0x0000027b139cd450 JavaThread "IdIndex Writer #0"          daemon [_thread_blocked, id=18080, stack(0x000000ffdfb00000,0x000000ffdfc00000) (1024K)]
  0x0000027b12f2bb30 JavaThread "Stubs Writer #2"            daemon [_thread_blocked, id=22996, stack(0x000000ffdfc00000,0x000000ffdfd00000) (1024K)]
  0x0000027b12f2cee0 JavaThread "Aux Index Writer #1"        daemon [_thread_blocked, id=26804, stack(0x000000ffdfd00000,0x000000ffdfe00000) (1024K)]
  0x0000027b24f0e800 JavaThread "Jndi-Dns-address-change-listener" daemon [_thread_in_native, id=8720, stack(0x000000ffd5500000,0x000000ffd5600000) (1024K)]
  0x0000027b05efed20 JavaThread "full-line-inference.exe"           [_thread_in_native, id=20576, stack(0x000000ffd9800000,0x000000ffd9900000) (1024K)]
  0x0000027b05f000d0 JavaThread "BaseDataReader: error stream of full-line-inference.exe"        [_thread_in_native, id=29544, stack(0x000000ffd9900000,0x000000ffd9a00000) (1024K)]
  0x0000027b05f00df0 JavaThread "BaseDataReader: output stream of full-line-inference.exe"        [_thread_in_native, id=3788, stack(0x000000ffd9a00000,0x000000ffd9b00000) (1024K)]
  0x0000027b126799d0 JavaThread "grpc-nio-worker-ELG-1-1"    daemon [_thread_in_native, id=27896, stack(0x000000ffda200000,0x000000ffda300000) (1024K)]
  0x0000027b1267a6f0 JavaThread "grpc-nio-worker-ELG-1-2"    daemon [_thread_in_native, id=27280, stack(0x000000ffda400000,0x000000ffda500000) (1024K)]
  0x0000027b05e11830 JavaThread "Swing-Shell"                daemon [_thread_blocked, id=22920, stack(0x000000ffd9d00000,0x000000ffd9e00000) (1024K)]
  0x0000027b12696750 JavaThread "grpc-nio-worker-ELG-1-3"    daemon [_thread_in_native, id=9484, stack(0x000000ffd5b00000,0x000000ffd5c00000) (1024K)]
  0x0000027b25b2d6a0 JavaThread "grpc-nio-worker-ELG-1-4"    daemon [_thread_in_native, id=17212, stack(0x000000ffd5d00000,0x000000ffd5e00000) (1024K)]
  0x0000027b07520120 JavaThread "grpc-nio-worker-ELG-1-5"    daemon [_thread_in_native, id=25200, stack(0x000000ffd9c00000,0x000000ffd9d00000) (1024K)]
  0x0000027b06e9cd20 JavaThread "grpc-nio-worker-ELG-1-6"    daemon [_thread_in_native, id=19620, stack(0x000000ffdae00000,0x000000ffdaf00000) (1024K)]
  0x0000027b197f2460 JavaThread "grpc-nio-worker-ELG-1-7"    daemon [_thread_in_native, id=10276, stack(0x000000ffd3e00000,0x000000ffd3f00000) (1024K)]
  0x0000027b1a435aa0 JavaThread "grpc-nio-worker-ELG-1-8"    daemon [_thread_in_native, id=29644, stack(0x000000ffd7100000,0x000000ffd7200000) (1024K)]
  0x0000027b229b7060 JavaThread "DefaultDispatcher-worker-3" daemon [_thread_blocked, id=17696, stack(0x000000ffd8100000,0x000000ffd8200000) (1024K)]
  0x0000027b06aa4370 JavaThread "DefaultDispatcher-worker-4" daemon [_thread_blocked, id=18932, stack(0x000000ffd7a00000,0x000000ffd7b00000) (1024K)]
  0x0000027b075214d0 JavaThread "DefaultDispatcher-worker-11" daemon [_thread_blocked, id=11156, stack(0x000000ffd8d00000,0x000000ffd8e00000) (1024K)]
  0x0000027a1ef31150 JavaThread "DefaultDispatcher-worker-7" daemon [_thread_blocked, id=23848, stack(0x000000ffd7700000,0x000000ffd7800000) (1024K)]
  0x0000027b22d6a760 JavaThread "DefaultDispatcher-worker-2" daemon [_thread_blocked, id=28252, stack(0x000000ffd5900000,0x000000ffd5a00000) (1024K)]
  0x0000027b022136b0 JavaThread "DefaultDispatcher-worker-5" daemon [_thread_blocked, id=15520, stack(0x000000ffd9400000,0x000000ffd9500000) (1024K)]
  0x0000027b21615d20 JavaThread "DefaultDispatcher-worker-8" daemon [_thread_blocked, id=4204, stack(0x000000ffd5c00000,0x000000ffd5d00000) (1024K)]
  0x0000027b223a60e0 JavaThread "DefaultDispatcher-worker-10" daemon [_thread_blocked, id=15612, stack(0x000000ffd6e00000,0x000000ffd6f00000) (1024K)]
  0x0000027b197f4530 JavaThread "DefaultDispatcher-worker-6" daemon [_thread_blocked, id=17040, stack(0x000000ffd5700000,0x000000ffd5800000) (1024K)]
  0x0000027b267b0ad0 JavaThread "DefaultDispatcher-worker-12" daemon [_thread_blocked, id=7924, stack(0x000000ffd5800000,0x000000ffd5900000) (1024K)]
  0x0000027a1ef30ac0 JavaThread "DefaultDispatcher-worker-14" daemon [_thread_blocked, id=8756, stack(0x000000ffd9200000,0x000000ffd9300000) (1024K)]
  0x0000027b223a3980 JavaThread "ApplicationImpl pooled thread 168"        [_thread_blocked, id=29212, stack(0x000000ffd5600000,0x000000ffd5700000) (1024K)]
  0x0000027b1a8d99e0 JavaThread "DefaultDispatcher-worker-16" daemon [_thread_blocked, id=18204, stack(0x000000ffd5e00000,0x000000ffd5f00000) (1024K)]
  0x0000027b25b2fe00 JavaThread "DefaultDispatcher-worker-17" daemon [_thread_blocked, id=26356, stack(0x000000ffd5f00000,0x000000ffd6000000) (1024K)]
  0x0000027b09d0fea0 JavaThread "DefaultDispatcher-worker-1" daemon [_thread_blocked, id=23924, stack(0x000000ffd7200000,0x000000ffd7300000) (1024K)]
  0x0000027b1a8dbab0 JavaThread "DefaultDispatcher-worker-15" daemon [_thread_blocked, id=16920, stack(0x000000ffd7800000,0x000000ffd7900000) (1024K)]
  0x0000027b197f3ea0 JavaThread "DefaultDispatcher-worker-18" daemon [_thread_blocked, id=13168, stack(0x000000ffd7900000,0x000000ffd7a00000) (1024K)]
  0x0000027b197f4bc0 JavaThread "DefaultDispatcher-worker-9" daemon [_thread_blocked, id=28788, stack(0x000000ffd7d00000,0x000000ffd7e00000) (1024K)]
  0x0000027b223a6e00 JavaThread "ApplicationImpl pooled thread 170"        [_thread_blocked, id=24560, stack(0x000000ffd8c00000,0x000000ffd8d00000) (1024K)]
  0x0000027b227c13f0 JavaThread "DefaultDispatcher-worker-19" daemon [_thread_blocked, id=16856, stack(0x000000ffd5a00000,0x000000ffd5b00000) (1024K)]
  0x0000027b1a8da070 JavaThread "DefaultDispatcher-worker-20" daemon [_thread_blocked, id=21916, stack(0x000000ffd6000000,0x000000ffd6100000) (1024K)]
  0x0000027b1a8da700 JavaThread "DefaultDispatcher-worker-21" daemon [_thread_blocked, id=28456, stack(0x000000ffd7600000,0x000000ffd7700000) (1024K)]
  0x0000027b229b76f0 JavaThread "DefaultDispatcher-worker-13" daemon [_thread_blocked, id=1888, stack(0x000000ffd7b00000,0x000000ffd7c00000) (1024K)]
  0x0000027b09d10530 JavaThread "ApplicationImpl pooled thread 171"        [_thread_blocked, id=23236, stack(0x000000ffd8700000,0x000000ffd8800000) (1024K)]
Total: 74

Other Threads:
  0x0000027a526a33d0 VMThread "VM Thread"                           [id=19652, stack(0x000000ffd4800000,0x000000ffd4900000) (1024K)]
  0x0000027a52695630 WatcherThread "VM Periodic Task Thread"        [id=22012, stack(0x000000ffd4700000,0x000000ffd4800000) (1024K)]
  0x0000027a2a207280 WorkerThread "GC Thread#0"                     [id=21128, stack(0x000000ffd4200000,0x000000ffd4300000) (1024K)]
  0x0000027a992f1230 WorkerThread "GC Thread#1"                     [id=29332, stack(0x000000ffd5200000,0x000000ffd5300000) (1024K)]
  0x0000027a9927ea30 WorkerThread "GC Thread#2"                     [id=27452, stack(0x000000ffd5300000,0x000000ffd5400000) (1024K)]
  0x0000027abe43f4e0 WorkerThread "GC Thread#3"                     [id=17124, stack(0x000000ffd6100000,0x000000ffd6200000) (1024K)]
  0x0000027abe43eda0 WorkerThread "GC Thread#4"                     [id=28748, stack(0x000000ffd6200000,0x000000ffd6300000) (1024K)]
  0x0000027abe43db80 WorkerThread "GC Thread#5"                     [id=23696, stack(0x000000ffd6300000,0x000000ffd6400000) (1024K)]
  0x0000027abe43ffc0 WorkerThread "GC Thread#6"                     [id=27496, stack(0x000000ffd6400000,0x000000ffd6500000) (1024K)]
  0x0000027abe43d7e0 WorkerThread "GC Thread#7"                     [id=16448, stack(0x000000ffd6500000,0x000000ffd6600000) (1024K)]
  0x0000027abe43d0a0 WorkerThread "GC Thread#8"                     [id=29220, stack(0x000000ffd6600000,0x000000ffd6700000) (1024K)]
  0x0000027abe43df20 WorkerThread "GC Thread#9"                     [id=23976, stack(0x000000ffd6700000,0x000000ffd6800000) (1024K)]
  0x0000027a2a210240 ConcurrentGCThread "G1 Main Marker"            [id=12304, stack(0x000000ffd4300000,0x000000ffd4400000) (1024K)]
  0x0000027a2a213690 WorkerThread "G1 Conc#0"                       [id=19340, stack(0x000000ffd4400000,0x000000ffd4500000) (1024K)]
  0x0000027abedd0e40 WorkerThread "G1 Conc#1"                       [id=21844, stack(0x000000ffd6f00000,0x000000ffd7000000) (1024K)]
  0x0000027abedd11e0 WorkerThread "G1 Conc#2"                       [id=29168, stack(0x000000ffd7000000,0x000000ffd7100000) (1024K)]
  0x0000027a5253ebc0 ConcurrentGCThread "G1 Refine#0"               [id=5692, stack(0x000000ffd4500000,0x000000ffd4600000) (1024K)]
  0x0000027a52541000 ConcurrentGCThread "G1 Service"                [id=5968, stack(0x000000ffd4600000,0x000000ffd4700000) (1024K)]
Total: 18

Threads with active compile tasks:
C2 CompilerThread0  102591373 172470       4       com.intellij.diagnostic.CoroutineDumperKt::toRepresentation (393 bytes)
Total: 1

VM state: at safepoint (normal execution)

VM Mutex/Monitor currently owned by a thread:  ([mutex/lock_event])
[0x00007ffe6f197630] FreeList_lock - owner thread: 0x0000027abe43df20
[0x00007ffe6f199d30] Threads_lock - owner thread: 0x0000027a526a33d0
[0x00007ffe6f199e30] Heap_lock - owner thread: 0x0000027b06aa4370

Heap address: 0x00000000c0000000, size: 1024 MB, Compressed Oops mode: 32-bit

CDS archive(s) mapped at: [0x0000027a53000000-0x0000027a54c20000-0x0000027a54c20000), size 29491200, SharedBaseAddress: 0x0000027a53000000, ArchiveRelocationMode: 1.
Compressed class space mapped at: 0x0000027a55000000-0x0000027a95000000, reserved size: 1073741824
Narrow klass base: 0x0000027a53000000, Narrow klass shift: 0, Narrow klass range: 0x100000000

GC Precious Log:
 CardTable entry size: 512
 Card Set container configuration: InlinePtr #cards 5 size 8 Array Of Cards #cards 12 size 40 Howl #buckets 4 coarsen threshold 1843 Howl Bitmap #cards 512 size 80 coarsen threshold 460 Card regions per heap region 1 cards per card region 2048
 CPUs: 12 total, 12 available
 Memory: 7514M
 Large Page Support: Disabled
 NUMA Support: Disabled
 Compressed Oops: Enabled (32-bit)
 Heap Region Size: 1M
 Heap Min Capacity: 128M
 Heap Initial Capacity: 128M
 Heap Max Capacity: 1G
 Pre-touch: Disabled
 Parallel Workers: 10
 Concurrent Workers: 3
 Concurrent Refinement Workers: 10
 Periodic GC: Disabled

Heap:
 garbage-first heap   total 621568K, used 620684K [0x00000000c0000000, 0x0000000100000000)
  region size 1024K, 204 young (208896K), 0 survivors (0K)
 Metaspace       used 393153K, committed 398336K, reserved 1441792K
  class space    used 47914K, committed 50176K, reserved 1048576K

Heap Regions: E=young(eden), S=young(survivor), O=old, HS=humongous(starts), HC=humongous(continues), CS=collection set, F=free, TAMS=top-at-mark-start, PB=parsable bottom
|   0|0x00000000c0000000, 0x00000000c00fffc0, 0x00000000c0100000| 99%| O|  |TAMS 0x00000000c0000000| PB 0x00000000c0000000| Untracked 
|   1|0x00000000c0100000, 0x00000000c0200000, 0x00000000c0200000|100%|HS|  |TAMS 0x00000000c0100000| PB 0x00000000c0100000| Complete 
|   2|0x00000000c0200000, 0x00000000c0300000, 0x00000000c0300000|100%|HC|  |TAMS 0x00000000c0200000| PB 0x00000000c0200000| Complete 
|   3|0x00000000c0300000, 0x00000000c0400000, 0x00000000c0400000|100%|HS|  |TAMS 0x00000000c0300000| PB 0x00000000c0300000| Complete 
|   4|0x00000000c0400000, 0x00000000c0500000, 0x00000000c0500000|100%|HC|  |TAMS 0x00000000c0400000| PB 0x00000000c0400000| Complete 
|   5|0x00000000c0500000, 0x00000000c0600000, 0x00000000c0600000|100%| O|  |TAMS 0x00000000c0500000| PB 0x00000000c0500000| Untracked 
|   6|0x00000000c0600000, 0x00000000c06ffff8, 0x00000000c0700000| 99%| O|  |TAMS 0x00000000c0600000| PB 0x00000000c0600000| Untracked 
|   7|0x00000000c0700000, 0x00000000c07fffd8, 0x00000000c0800000| 99%| O|  |TAMS 0x00000000c0700000| PB 0x00000000c0700000| Untracked 
|   8|0x00000000c0800000, 0x00000000c0900000, 0x00000000c0900000|100%| O|  |TAMS 0x00000000c0800000| PB 0x00000000c0800000| Untracked 
|   9|0x00000000c0900000, 0x00000000c09fffe0, 0x00000000c0a00000| 99%| O|  |TAMS 0x00000000c0900000| PB 0x00000000c0900000| Untracked 
|  10|0x00000000c0a00000, 0x00000000c0aff760, 0x00000000c0b00000| 99%| O|  |TAMS 0x00000000c0a00000| PB 0x00000000c0a00000| Untracked 
|  11|0x00000000c0b00000, 0x00000000c0bffff8, 0x00000000c0c00000| 99%| O|  |TAMS 0x00000000c0b00000| PB 0x00000000c0b00000| Untracked 
|  12|0x00000000c0c00000, 0x00000000c0d00000, 0x00000000c0d00000|100%| O|  |TAMS 0x00000000c0c00000| PB 0x00000000c0c00000| Untracked 
|  13|0x00000000c0d00000, 0x00000000c0df8e40, 0x00000000c0e00000| 97%| O|  |TAMS 0x00000000c0d00000| PB 0x00000000c0d00000| Untracked 
|  14|0x00000000c0e00000, 0x00000000c0f00000, 0x00000000c0f00000|100%| O|  |TAMS 0x00000000c0e00000| PB 0x00000000c0e00000| Untracked 
|  15|0x00000000c0f00000, 0x00000000c0fffff8, 0x00000000c1000000| 99%| O|  |TAMS 0x00000000c0f00000| PB 0x00000000c0f00000| Untracked 
|  16|0x00000000c1000000, 0x00000000c1100000, 0x00000000c1100000|100%| O|  |TAMS 0x00000000c1000000| PB 0x00000000c1000000| Untracked 
|  17|0x00000000c1100000, 0x00000000c11fffe8, 0x00000000c1200000| 99%| O|  |TAMS 0x00000000c1100000| PB 0x00000000c1100000| Untracked 
|  18|0x00000000c1200000, 0x00000000c1300000, 0x00000000c1300000|100%| O|  |TAMS 0x00000000c1200000| PB 0x00000000c1200000| Untracked 
|  19|0x00000000c1300000, 0x00000000c1400000, 0x00000000c1400000|100%| O|  |TAMS 0x00000000c1300000| PB 0x00000000c1300000| Untracked 
|  20|0x00000000c1400000, 0x00000000c1500000, 0x00000000c1500000|100%| O|  |TAMS 0x00000000c1400000| PB 0x00000000c1400000| Untracked 
|  21|0x00000000c1500000, 0x00000000c1600000, 0x00000000c1600000|100%| O|  |TAMS 0x00000000c1500000| PB 0x00000000c1500000| Untracked 
|  22|0x00000000c1600000, 0x00000000c1700000, 0x00000000c1700000|100%| O|  |TAMS 0x00000000c1600000| PB 0x00000000c1600000| Untracked 
|  23|0x00000000c1700000, 0x00000000c1800000, 0x00000000c1800000|100%| O|  |TAMS 0x00000000c1700000| PB 0x00000000c1700000| Untracked 
|  24|0x00000000c1800000, 0x00000000c1900000, 0x00000000c1900000|100%| O|  |TAMS 0x00000000c1800000| PB 0x00000000c1800000| Untracked 
|  25|0x00000000c1900000, 0x00000000c1a00000, 0x00000000c1a00000|100%| O|  |TAMS 0x00000000c1900000| PB 0x00000000c1900000| Untracked 
|  26|0x00000000c1a00000, 0x00000000c1afe780, 0x00000000c1b00000| 99%| O|  |TAMS 0x00000000c1a00000| PB 0x00000000c1a00000| Untracked 
|  27|0x00000000c1b00000, 0x00000000c1bfe5e0, 0x00000000c1c00000| 99%| O|  |TAMS 0x00000000c1b00000| PB 0x00000000c1b00000| Untracked 
|  28|0x00000000c1c00000, 0x00000000c1cffff8, 0x00000000c1d00000| 99%| O|  |TAMS 0x00000000c1c00000| PB 0x00000000c1c00000| Untracked 
|  29|0x00000000c1d00000, 0x00000000c1dfffe8, 0x00000000c1e00000| 99%| O|  |TAMS 0x00000000c1d00000| PB 0x00000000c1d00000| Untracked 
|  30|0x00000000c1e00000, 0x00000000c1f00000, 0x00000000c1f00000|100%| O|  |TAMS 0x00000000c1e00000| PB 0x00000000c1e00000| Untracked 
|  31|0x00000000c1f00000, 0x00000000c2000000, 0x00000000c2000000|100%| O|  |TAMS 0x00000000c1f00000| PB 0x00000000c1f00000| Untracked 
|  32|0x00000000c2000000, 0x00000000c20ffff0, 0x00000000c2100000| 99%| O|  |TAMS 0x00000000c2000000| PB 0x00000000c2000000| Untracked 
|  33|0x00000000c2100000, 0x00000000c2200000, 0x00000000c2200000|100%| O|  |TAMS 0x00000000c2100000| PB 0x00000000c2100000| Untracked 
|  34|0x00000000c2200000, 0x00000000c22ffff8, 0x00000000c2300000| 99%| O|  |TAMS 0x00000000c2200000| PB 0x00000000c2200000| Untracked 
|  35|0x00000000c2300000, 0x00000000c2400000, 0x00000000c2400000|100%| O|  |TAMS 0x00000000c2300000| PB 0x00000000c2300000| Untracked 
|  36|0x00000000c2400000, 0x00000000c24ffff0, 0x00000000c2500000| 99%| O|  |TAMS 0x00000000c2400000| PB 0x00000000c2400000| Untracked 
|  37|0x00000000c2500000, 0x00000000c2600000, 0x00000000c2600000|100%| O|  |TAMS 0x00000000c2500000| PB 0x00000000c2500000| Untracked 
|  38|0x00000000c2600000, 0x00000000c26fffb8, 0x00000000c2700000| 99%| O|  |TAMS 0x00000000c2600000| PB 0x00000000c2600000| Untracked 
|  39|0x00000000c2700000, 0x00000000c2800000, 0x00000000c2800000|100%| O|  |TAMS 0x00000000c2700000| PB 0x00000000c2700000| Untracked 
|  40|0x00000000c2800000, 0x00000000c2900000, 0x00000000c2900000|100%|HS|  |TAMS 0x00000000c2800000| PB 0x00000000c2800000| Complete 
|  41|0x00000000c2900000, 0x00000000c2a00000, 0x00000000c2a00000|100%|HC|  |TAMS 0x00000000c2900000| PB 0x00000000c2900000| Complete 
|  42|0x00000000c2a00000, 0x00000000c2b00000, 0x00000000c2b00000|100%|HC|  |TAMS 0x00000000c2a00000| PB 0x00000000c2a00000| Complete 
|  43|0x00000000c2b00000, 0x00000000c2c00000, 0x00000000c2c00000|100%|HC|  |TAMS 0x00000000c2b00000| PB 0x00000000c2b00000| Complete 
|  44|0x00000000c2c00000, 0x00000000c2d00000, 0x00000000c2d00000|100%|HC|  |TAMS 0x00000000c2c00000| PB 0x00000000c2c00000| Complete 
|  45|0x00000000c2d00000, 0x00000000c2dffff0, 0x00000000c2e00000| 99%| O|  |TAMS 0x00000000c2d00000| PB 0x00000000c2d00000| Untracked 
|  46|0x00000000c2e00000, 0x00000000c2efffe0, 0x00000000c2f00000| 99%| O|  |TAMS 0x00000000c2e00000| PB 0x00000000c2e00000| Untracked 
|  47|0x00000000c2f00000, 0x00000000c2fffff0, 0x00000000c3000000| 99%| O|  |TAMS 0x00000000c2f00000| PB 0x00000000c2f00000| Untracked 
|  48|0x00000000c3000000, 0x00000000c3100000, 0x00000000c3100000|100%| O|  |TAMS 0x00000000c3000000| PB 0x00000000c3000000| Untracked 
|  49|0x00000000c3100000, 0x00000000c31fffd8, 0x00000000c3200000| 99%| O|  |TAMS 0x00000000c3100000| PB 0x00000000c3100000| Untracked 
|  50|0x00000000c3200000, 0x00000000c32f93a8, 0x00000000c3300000| 97%| O|  |TAMS 0x00000000c3200000| PB 0x00000000c3200000| Untracked 
|  51|0x00000000c3300000, 0x00000000c33fffe8, 0x00000000c3400000| 99%| O|  |TAMS 0x00000000c3300000| PB 0x00000000c3300000| Untracked 
|  52|0x00000000c3400000, 0x00000000c34fe710, 0x00000000c3500000| 99%| O|  |TAMS 0x00000000c3400000| PB 0x00000000c3400000| Untracked 
|  53|0x00000000c3500000, 0x00000000c3600000, 0x00000000c3600000|100%| O|  |TAMS 0x00000000c3500000| PB 0x00000000c3500000| Untracked 
|  54|0x00000000c3600000, 0x00000000c36fffe0, 0x00000000c3700000| 99%| O|  |TAMS 0x00000000c3600000| PB 0x00000000c3600000| Untracked 
|  55|0x00000000c3700000, 0x00000000c37ffff0, 0x00000000c3800000| 99%| O|  |TAMS 0x00000000c3700000| PB 0x00000000c3700000| Untracked 
|  56|0x00000000c3800000, 0x00000000c38fffc0, 0x00000000c3900000| 99%| O|  |TAMS 0x00000000c3800000| PB 0x00000000c3800000| Untracked 
|  57|0x00000000c3900000, 0x00000000c3a00000, 0x00000000c3a00000|100%| O|  |TAMS 0x00000000c3900000| PB 0x00000000c3900000| Untracked 
|  58|0x00000000c3a00000, 0x00000000c3affff8, 0x00000000c3b00000| 99%| O|  |TAMS 0x00000000c3a00000| PB 0x00000000c3a00000| Untracked 
|  59|0x00000000c3b00000, 0x00000000c3c00000, 0x00000000c3c00000|100%| O|  |TAMS 0x00000000c3b00000| PB 0x00000000c3b00000| Untracked 
|  60|0x00000000c3c00000, 0x00000000c3cfffb8, 0x00000000c3d00000| 99%| O|  |TAMS 0x00000000c3c00000| PB 0x00000000c3c00000| Untracked 
|  61|0x00000000c3d00000, 0x00000000c3dffff0, 0x00000000c3e00000| 99%| O|  |TAMS 0x00000000c3d00000| PB 0x00000000c3d00000| Untracked 
|  62|0x00000000c3e00000, 0x00000000c3effff0, 0x00000000c3f00000| 99%| O|  |TAMS 0x00000000c3e00000| PB 0x00000000c3e00000| Untracked 
|  63|0x00000000c3f00000, 0x00000000c4000000, 0x00000000c4000000|100%| O|  |TAMS 0x00000000c3f00000| PB 0x00000000c3f00000| Untracked 
|  64|0x00000000c4000000, 0x00000000c4100000, 0x00000000c4100000|100%| O|  |TAMS 0x00000000c4000000| PB 0x00000000c4000000| Untracked 
|  65|0x00000000c4100000, 0x00000000c4200000, 0x00000000c4200000|100%| O|  |TAMS 0x00000000c4100000| PB 0x00000000c4100000| Untracked 
|  66|0x00000000c4200000, 0x00000000c42fdc30, 0x00000000c4300000| 99%| O|  |TAMS 0x00000000c4200000| PB 0x00000000c4200000| Untracked 
|  67|0x00000000c4300000, 0x00000000c43ffff0, 0x00000000c4400000| 99%| O|  |TAMS 0x00000000c4300000| PB 0x00000000c4300000| Untracked 
|  68|0x00000000c4400000, 0x00000000c44ffff8, 0x00000000c4500000| 99%| O|  |TAMS 0x00000000c4400000| PB 0x00000000c4400000| Untracked 
|  69|0x00000000c4500000, 0x00000000c4600000, 0x00000000c4600000|100%| O|  |TAMS 0x00000000c4500000| PB 0x00000000c4500000| Untracked 
|  70|0x00000000c4600000, 0x00000000c46facc8, 0x00000000c4700000| 97%| O|  |TAMS 0x00000000c4600000| PB 0x00000000c4600000| Untracked 
|  71|0x00000000c4700000, 0x00000000c4800000, 0x00000000c4800000|100%| O|  |TAMS 0x00000000c4700000| PB 0x00000000c4700000| Untracked 
|  72|0x00000000c4800000, 0x00000000c4900000, 0x00000000c4900000|100%| O|  |TAMS 0x00000000c4800000| PB 0x00000000c4800000| Untracked 
|  73|0x00000000c4900000, 0x00000000c4a00000, 0x00000000c4a00000|100%| O|  |TAMS 0x00000000c4900000| PB 0x00000000c4900000| Untracked 
|  74|0x00000000c4a00000, 0x00000000c4affa38, 0x00000000c4b00000| 99%| O|  |TAMS 0x00000000c4a00000| PB 0x00000000c4a00000| Untracked 
|  75|0x00000000c4b00000, 0x00000000c4c00000, 0x00000000c4c00000|100%| O|  |TAMS 0x00000000c4b00000| PB 0x00000000c4b00000| Untracked 
|  76|0x00000000c4c00000, 0x00000000c4cffff8, 0x00000000c4d00000| 99%| O|  |TAMS 0x00000000c4c00000| PB 0x00000000c4c00000| Untracked 
|  77|0x00000000c4d00000, 0x00000000c4dfffc8, 0x00000000c4e00000| 99%| O|  |TAMS 0x00000000c4d00000| PB 0x00000000c4d00000| Untracked 
|  78|0x00000000c4e00000, 0x00000000c4f00000, 0x00000000c4f00000|100%| O|  |TAMS 0x00000000c4e00000| PB 0x00000000c4e00000| Untracked 
|  79|0x00000000c4f00000, 0x00000000c4ffffe0, 0x00000000c5000000| 99%| O|  |TAMS 0x00000000c4f00000| PB 0x00000000c4f00000| Untracked 
|  80|0x00000000c5000000, 0x00000000c50ffff8, 0x00000000c5100000| 99%| O|  |TAMS 0x00000000c5000000| PB 0x00000000c5000000| Untracked 
|  81|0x00000000c5100000, 0x00000000c51fffd0, 0x00000000c5200000| 99%| O|  |TAMS 0x00000000c5100000| PB 0x00000000c5100000| Untracked 
|  82|0x00000000c5200000, 0x00000000c5300000, 0x00000000c5300000|100%| O|  |TAMS 0x00000000c5200000| PB 0x00000000c5200000| Untracked 
|  83|0x00000000c5300000, 0x00000000c53fffe8, 0x00000000c5400000| 99%| O|  |TAMS 0x00000000c5300000| PB 0x00000000c5300000| Untracked 
|  84|0x00000000c5400000, 0x00000000c54ffff0, 0x00000000c5500000| 99%| O|  |TAMS 0x00000000c5400000| PB 0x00000000c5400000| Untracked 
|  85|0x00000000c5500000, 0x00000000c55ffff8, 0x00000000c5600000| 99%| O|  |TAMS 0x00000000c5500000| PB 0x00000000c5500000| Untracked 
|  86|0x00000000c5600000, 0x00000000c56ffff0, 0x00000000c5700000| 99%| O|  |TAMS 0x00000000c5600000| PB 0x00000000c5600000| Untracked 
|  87|0x00000000c5700000, 0x00000000c57ffff8, 0x00000000c5800000| 99%| O|  |TAMS 0x00000000c5700000| PB 0x00000000c5700000| Untracked 
|  88|0x00000000c5800000, 0x00000000c5900000, 0x00000000c5900000|100%| O|  |TAMS 0x00000000c5800000| PB 0x00000000c5800000| Untracked 
|  89|0x00000000c5900000, 0x00000000c59ffff8, 0x00000000c5a00000| 99%| O|  |TAMS 0x00000000c5900000| PB 0x00000000c5900000| Untracked 
|  90|0x00000000c5a00000, 0x00000000c5afffe8, 0x00000000c5b00000| 99%| O|  |TAMS 0x00000000c5a00000| PB 0x00000000c5a00000| Untracked 
|  91|0x00000000c5b00000, 0x00000000c5bfffc0, 0x00000000c5c00000| 99%| O|  |TAMS 0x00000000c5b00000| PB 0x00000000c5b00000| Untracked 
|  92|0x00000000c5c00000, 0x00000000c5cffff0, 0x00000000c5d00000| 99%| O|  |TAMS 0x00000000c5c00000| PB 0x00000000c5c00000| Untracked 
|  93|0x00000000c5d00000, 0x00000000c5e00000, 0x00000000c5e00000|100%|HS|  |TAMS 0x00000000c5d00000| PB 0x00000000c5d00000| Complete 
|  94|0x00000000c5e00000, 0x00000000c5effff0, 0x00000000c5f00000| 99%| O|  |TAMS 0x00000000c5e00000| PB 0x00000000c5e00000| Untracked 
|  95|0x00000000c5f00000, 0x00000000c5fffff0, 0x00000000c6000000| 99%| O|  |TAMS 0x00000000c5f00000| PB 0x00000000c5f00000| Untracked 
|  96|0x00000000c6000000, 0x00000000c60ffff8, 0x00000000c6100000| 99%| O|  |TAMS 0x00000000c6000000| PB 0x00000000c6000000| Untracked 
|  97|0x00000000c6100000, 0x00000000c61ffff8, 0x00000000c6200000| 99%| O|  |TAMS 0x00000000c6100000| PB 0x00000000c6100000| Untracked 
|  98|0x00000000c6200000, 0x00000000c62ffff0, 0x00000000c6300000| 99%| O|  |TAMS 0x00000000c6200000| PB 0x00000000c6200000| Untracked 
|  99|0x00000000c6300000, 0x00000000c6400000, 0x00000000c6400000|100%| O|  |TAMS 0x00000000c6300000| PB 0x00000000c6300000| Untracked 
| 100|0x00000000c6400000, 0x00000000c6500000, 0x00000000c6500000|100%| O|  |TAMS 0x00000000c6400000| PB 0x00000000c6400000| Untracked 
| 101|0x00000000c6500000, 0x00000000c65ffff0, 0x00000000c6600000| 99%| O|  |TAMS 0x00000000c6500000| PB 0x00000000c6500000| Untracked 
| 102|0x00000000c6600000, 0x00000000c66ffff8, 0x00000000c6700000| 99%| O|  |TAMS 0x00000000c6600000| PB 0x00000000c6600000| Untracked 
| 103|0x00000000c6700000, 0x00000000c6800000, 0x00000000c6800000|100%| O|  |TAMS 0x00000000c6700000| PB 0x00000000c6700000| Untracked 
| 104|0x00000000c6800000, 0x00000000c68fffb8, 0x00000000c6900000| 99%| O|  |TAMS 0x00000000c6800000| PB 0x00000000c6800000| Untracked 
| 105|0x00000000c6900000, 0x00000000c6a00000, 0x00000000c6a00000|100%| O|  |TAMS 0x00000000c6900000| PB 0x00000000c6900000| Untracked 
| 106|0x00000000c6a00000, 0x00000000c6afffc8, 0x00000000c6b00000| 99%| O|  |TAMS 0x00000000c6a00000| PB 0x00000000c6a00000| Untracked 
| 107|0x00000000c6b00000, 0x00000000c6c00000, 0x00000000c6c00000|100%|HS|  |TAMS 0x00000000c6b00000| PB 0x00000000c6b00000| Complete 
| 108|0x00000000c6c00000, 0x00000000c6cfffe0, 0x00000000c6d00000| 99%| O|  |TAMS 0x00000000c6c00000| PB 0x00000000c6c00000| Untracked 
| 109|0x00000000c6d00000, 0x00000000c6e00000, 0x00000000c6e00000|100%| O|  |TAMS 0x00000000c6d00000| PB 0x00000000c6d00000| Untracked 
| 110|0x00000000c6e00000, 0x00000000c6f00000, 0x00000000c6f00000|100%| O|  |TAMS 0x00000000c6e00000| PB 0x00000000c6e00000| Untracked 
| 111|0x00000000c6f00000, 0x00000000c6fffff0, 0x00000000c7000000| 99%| O|  |TAMS 0x00000000c6f00000| PB 0x00000000c6f00000| Untracked 
| 112|0x00000000c7000000, 0x00000000c7100000, 0x00000000c7100000|100%| O|  |TAMS 0x00000000c7000000| PB 0x00000000c7000000| Untracked 
| 113|0x00000000c7100000, 0x00000000c7200000, 0x00000000c7200000|100%| O|  |TAMS 0x00000000c7100000| PB 0x00000000c7100000| Untracked 
| 114|0x00000000c7200000, 0x00000000c72ffff8, 0x00000000c7300000| 99%| O|  |TAMS 0x00000000c7200000| PB 0x00000000c7200000| Untracked 
| 115|0x00000000c7300000, 0x00000000c73ffff0, 0x00000000c7400000| 99%| O|  |TAMS 0x00000000c7300000| PB 0x00000000c7300000| Untracked 
| 116|0x00000000c7400000, 0x00000000c74ff9a8, 0x00000000c7500000| 99%| O|  |TAMS 0x00000000c7400000| PB 0x00000000c7400000| Untracked 
| 117|0x00000000c7500000, 0x00000000c75fffe8, 0x00000000c7600000| 99%| O|  |TAMS 0x00000000c7500000| PB 0x00000000c7500000| Untracked 
| 118|0x00000000c7600000, 0x00000000c7700000, 0x00000000c7700000|100%| O|  |TAMS 0x00000000c7600000| PB 0x00000000c7600000| Untracked 
| 119|0x00000000c7700000, 0x00000000c77fffe8, 0x00000000c7800000| 99%| O|  |TAMS 0x00000000c7700000| PB 0x00000000c7700000| Untracked 
| 120|0x00000000c7800000, 0x00000000c7900000, 0x00000000c7900000|100%| O|  |TAMS 0x00000000c7800000| PB 0x00000000c7800000| Untracked 
| 121|0x00000000c7900000, 0x00000000c79ffff8, 0x00000000c7a00000| 99%| O|  |TAMS 0x00000000c7900000| PB 0x00000000c7900000| Untracked 
| 122|0x00000000c7a00000, 0x00000000c7affff0, 0x00000000c7b00000| 99%| O|  |TAMS 0x00000000c7a00000| PB 0x00000000c7a00000| Untracked 
| 123|0x00000000c7b00000, 0x00000000c7c00000, 0x00000000c7c00000|100%| O|  |TAMS 0x00000000c7b00000| PB 0x00000000c7b00000| Untracked 
| 124|0x00000000c7c00000, 0x00000000c7cfffd0, 0x00000000c7d00000| 99%| O|  |TAMS 0x00000000c7c00000| PB 0x00000000c7c00000| Untracked 
| 125|0x00000000c7d00000, 0x00000000c7e00000, 0x00000000c7e00000|100%| O|  |TAMS 0x00000000c7d00000| PB 0x00000000c7d00000| Untracked 
| 126|0x00000000c7e00000, 0x00000000c7efffe0, 0x00000000c7f00000| 99%| O|  |TAMS 0x00000000c7e00000| PB 0x00000000c7e00000| Untracked 
| 127|0x00000000c7f00000, 0x00000000c7fffff8, 0x00000000c8000000| 99%| O|  |TAMS 0x00000000c7f00000| PB 0x00000000c7f00000| Untracked 
| 128|0x00000000c8000000, 0x00000000c80ffff8, 0x00000000c8100000| 99%| O|  |TAMS 0x00000000c8000000| PB 0x00000000c8000000| Untracked 
| 129|0x00000000c8100000, 0x00000000c81ff8b0, 0x00000000c8200000| 99%| O|  |TAMS 0x00000000c8100000| PB 0x00000000c8100000| Untracked 
| 130|0x00000000c8200000, 0x00000000c8300000, 0x00000000c8300000|100%| O|  |TAMS 0x00000000c8200000| PB 0x00000000c8200000| Untracked 
| 131|0x00000000c8300000, 0x00000000c83fbc58, 0x00000000c8400000| 98%| O|  |TAMS 0x00000000c8300000| PB 0x00000000c8300000| Untracked 
| 132|0x00000000c8400000, 0x00000000c84fbf98, 0x00000000c8500000| 98%| O|  |TAMS 0x00000000c8400000| PB 0x00000000c8400000| Untracked 
| 133|0x00000000c8500000, 0x00000000c8600000, 0x00000000c8600000|100%| O|  |TAMS 0x00000000c8500000| PB 0x00000000c8500000| Untracked 
| 134|0x00000000c8600000, 0x00000000c86ffff8, 0x00000000c8700000| 99%| O|  |TAMS 0x00000000c8600000| PB 0x00000000c8600000| Untracked 
| 135|0x00000000c8700000, 0x00000000c8800000, 0x00000000c8800000|100%| O|  |TAMS 0x00000000c8700000| PB 0x00000000c8700000| Untracked 
| 136|0x00000000c8800000, 0x00000000c88ffff0, 0x00000000c8900000| 99%| O|  |TAMS 0x00000000c8800000| PB 0x00000000c8800000| Untracked 
| 137|0x00000000c8900000, 0x00000000c89ffff0, 0x00000000c8a00000| 99%| O|  |TAMS 0x00000000c8900000| PB 0x00000000c8900000| Untracked 
| 138|0x00000000c8a00000, 0x00000000c8afffe8, 0x00000000c8b00000| 99%| O|  |TAMS 0x00000000c8a00000| PB 0x00000000c8a00000| Untracked 
| 139|0x00000000c8b00000, 0x00000000c8bff120, 0x00000000c8c00000| 99%| O|  |TAMS 0x00000000c8b00000| PB 0x00000000c8b00000| Untracked 
| 140|0x00000000c8c00000, 0x00000000c8cffff0, 0x00000000c8d00000| 99%| O|  |TAMS 0x00000000c8c00000| PB 0x00000000c8c00000| Untracked 
| 141|0x00000000c8d00000, 0x00000000c8dffff8, 0x00000000c8e00000| 99%| O|  |TAMS 0x00000000c8d00000| PB 0x00000000c8d00000| Untracked 
| 142|0x00000000c8e00000, 0x00000000c8efffd0, 0x00000000c8f00000| 99%| O|  |TAMS 0x00000000c8e00000| PB 0x00000000c8e00000| Untracked 
| 143|0x00000000c8f00000, 0x00000000c8ffffe8, 0x00000000c9000000| 99%| O|  |TAMS 0x00000000c8f00000| PB 0x00000000c8f00000| Untracked 
| 144|0x00000000c9000000, 0x00000000c90ffff0, 0x00000000c9100000| 99%| O|  |TAMS 0x00000000c9000000| PB 0x00000000c9000000| Untracked 
| 145|0x00000000c9100000, 0x00000000c91fffe0, 0x00000000c9200000| 99%| O|  |TAMS 0x00000000c9100000| PB 0x00000000c9100000| Untracked 
| 146|0x00000000c9200000, 0x00000000c92fffc8, 0x00000000c9300000| 99%| O|  |TAMS 0x00000000c9200000| PB 0x00000000c9200000| Untracked 
| 147|0x00000000c9300000, 0x00000000c9400000, 0x00000000c9400000|100%| O|  |TAMS 0x00000000c9300000| PB 0x00000000c9300000| Untracked 
| 148|0x00000000c9400000, 0x00000000c94ffff0, 0x00000000c9500000| 99%| O|  |TAMS 0x00000000c9400000| PB 0x00000000c9400000| Untracked 
| 149|0x00000000c9500000, 0x00000000c95fffa0, 0x00000000c9600000| 99%| O|  |TAMS 0x00000000c9500000| PB 0x00000000c9500000| Untracked 
| 150|0x00000000c9600000, 0x00000000c96ffff8, 0x00000000c9700000| 99%| O|  |TAMS 0x00000000c9600000| PB 0x00000000c9600000| Untracked 
| 151|0x00000000c9700000, 0x00000000c97ffff8, 0x00000000c9800000| 99%| O|  |TAMS 0x00000000c9700000| PB 0x00000000c9700000| Untracked 
| 152|0x00000000c9800000, 0x00000000c98ffff8, 0x00000000c9900000| 99%| O|  |TAMS 0x00000000c9800000| PB 0x00000000c9800000| Untracked 
| 153|0x00000000c9900000, 0x00000000c99ffff8, 0x00000000c9a00000| 99%| O|  |TAMS 0x00000000c9900000| PB 0x00000000c9900000| Untracked 
| 154|0x00000000c9a00000, 0x00000000c9af7d90, 0x00000000c9b00000| 96%| O|  |TAMS 0x00000000c9a00000| PB 0x00000000c9a00000| Untracked 
| 155|0x00000000c9b00000, 0x00000000c9bffff8, 0x00000000c9c00000| 99%| O|  |TAMS 0x00000000c9b00000| PB 0x00000000c9b00000| Untracked 
| 156|0x00000000c9c00000, 0x00000000c9cffff8, 0x00000000c9d00000| 99%| O|  |TAMS 0x00000000c9c00000| PB 0x00000000c9c00000| Untracked 
| 157|0x00000000c9d00000, 0x00000000c9dfffe8, 0x00000000c9e00000| 99%| O|  |TAMS 0x00000000c9d00000| PB 0x00000000c9d00000| Untracked 
| 158|0x00000000c9e00000, 0x00000000c9effff8, 0x00000000c9f00000| 99%| O|  |TAMS 0x00000000c9e00000| PB 0x00000000c9e00000| Untracked 
| 159|0x00000000c9f00000, 0x00000000c9fffff8, 0x00000000ca000000| 99%| O|  |TAMS 0x00000000c9f00000| PB 0x00000000c9f00000| Untracked 
| 160|0x00000000ca000000, 0x00000000ca100000, 0x00000000ca100000|100%| O|  |TAMS 0x00000000ca000000| PB 0x00000000ca000000| Untracked 
| 161|0x00000000ca100000, 0x00000000ca1ffff8, 0x00000000ca200000| 99%| O|  |TAMS 0x00000000ca100000| PB 0x00000000ca100000| Untracked 
| 162|0x00000000ca200000, 0x00000000ca300000, 0x00000000ca300000|100%| O|  |TAMS 0x00000000ca200000| PB 0x00000000ca200000| Untracked 
| 163|0x00000000ca300000, 0x00000000ca3ffff8, 0x00000000ca400000| 99%| O|  |TAMS 0x00000000ca300000| PB 0x00000000ca300000| Untracked 
| 164|0x00000000ca400000, 0x00000000ca500000, 0x00000000ca500000|100%| O|  |TAMS 0x00000000ca400000| PB 0x00000000ca400000| Untracked 
| 165|0x00000000ca500000, 0x00000000ca600000, 0x00000000ca600000|100%| O|  |TAMS 0x00000000ca500000| PB 0x00000000ca500000| Untracked 
| 166|0x00000000ca600000, 0x00000000ca6ffff8, 0x00000000ca700000| 99%| O|  |TAMS 0x00000000ca600000| PB 0x00000000ca600000| Untracked 
| 167|0x00000000ca700000, 0x00000000ca7fffe0, 0x00000000ca800000| 99%| O|  |TAMS 0x00000000ca700000| PB 0x00000000ca700000| Untracked 
| 168|0x00000000ca800000, 0x00000000ca8fffe8, 0x00000000ca900000| 99%| O|  |TAMS 0x00000000ca800000| PB 0x00000000ca800000| Untracked 
| 169|0x00000000ca900000, 0x00000000ca9ffff8, 0x00000000caa00000| 99%| O|  |TAMS 0x00000000ca900000| PB 0x00000000ca900000| Untracked 
| 170|0x00000000caa00000, 0x00000000caafffe8, 0x00000000cab00000| 99%| O|  |TAMS 0x00000000caa00000| PB 0x00000000caa00000| Untracked 
| 171|0x00000000cab00000, 0x00000000cabffff0, 0x00000000cac00000| 99%| O|  |TAMS 0x00000000cab00000| PB 0x00000000cab00000| Untracked 
| 172|0x00000000cac00000, 0x00000000cad00000, 0x00000000cad00000|100%| O|  |TAMS 0x00000000cac00000| PB 0x00000000cac00000| Untracked 
| 173|0x00000000cad00000, 0x00000000cadffff8, 0x00000000cae00000| 99%| O|  |TAMS 0x00000000cad00000| PB 0x00000000cad00000| Untracked 
| 174|0x00000000cae00000, 0x00000000caeffff8, 0x00000000caf00000| 99%| O|  |TAMS 0x00000000cae00000| PB 0x00000000cae00000| Untracked 
| 175|0x00000000caf00000, 0x00000000cafffff8, 0x00000000cb000000| 99%| O|  |TAMS 0x00000000caf00000| PB 0x00000000caf00000| Untracked 
| 176|0x00000000cb000000, 0x00000000cb100000, 0x00000000cb100000|100%| O|  |TAMS 0x00000000cb000000| PB 0x00000000cb000000| Untracked 
| 177|0x00000000cb100000, 0x00000000cb200000, 0x00000000cb200000|100%| O|  |TAMS 0x00000000cb100000| PB 0x00000000cb100000| Untracked 
| 178|0x00000000cb200000, 0x00000000cb2fffe0, 0x00000000cb300000| 99%| O|  |TAMS 0x00000000cb200000| PB 0x00000000cb200000| Untracked 
| 179|0x00000000cb300000, 0x00000000cb400000, 0x00000000cb400000|100%| O|  |TAMS 0x00000000cb300000| PB 0x00000000cb300000| Untracked 
| 180|0x00000000cb400000, 0x00000000cb4fffd0, 0x00000000cb500000| 99%| O|  |TAMS 0x00000000cb400000| PB 0x00000000cb400000| Untracked 
| 181|0x00000000cb500000, 0x00000000cb5fffe0, 0x00000000cb600000| 99%| O|  |TAMS 0x00000000cb500000| PB 0x00000000cb500000| Untracked 
| 182|0x00000000cb600000, 0x00000000cb6ffff0, 0x00000000cb700000| 99%| O|  |TAMS 0x00000000cb600000| PB 0x00000000cb600000| Untracked 
| 183|0x00000000cb700000, 0x00000000cb7ffff0, 0x00000000cb800000| 99%| O|  |TAMS 0x00000000cb700000| PB 0x00000000cb700000| Untracked 
| 184|0x00000000cb800000, 0x00000000cb900000, 0x00000000cb900000|100%|HS|  |TAMS 0x00000000cb800000| PB 0x00000000cb800000| Complete 
| 185|0x00000000cb900000, 0x00000000cba00000, 0x00000000cba00000|100%|HC|  |TAMS 0x00000000cb900000| PB 0x00000000cb900000| Complete 
| 186|0x00000000cba00000, 0x00000000cbb00000, 0x00000000cbb00000|100%| O|  |TAMS 0x00000000cba00000| PB 0x00000000cba00000| Untracked 
| 187|0x00000000cbb00000, 0x00000000cbc00000, 0x00000000cbc00000|100%| O|  |TAMS 0x00000000cbb00000| PB 0x00000000cbb00000| Untracked 
| 188|0x00000000cbc00000, 0x00000000cbd00000, 0x00000000cbd00000|100%| O|  |TAMS 0x00000000cbc00000| PB 0x00000000cbc00000| Untracked 
| 189|0x00000000cbd00000, 0x00000000cbe00000, 0x00000000cbe00000|100%| O|  |TAMS 0x00000000cbd00000| PB 0x00000000cbd00000| Untracked 
| 190|0x00000000cbe00000, 0x00000000cbefffc0, 0x00000000cbf00000| 99%| O|  |TAMS 0x00000000cbe00000| PB 0x00000000cbe00000| Untracked 
| 191|0x00000000cbf00000, 0x00000000cbfffff8, 0x00000000cc000000| 99%| O|  |TAMS 0x00000000cbf00000| PB 0x00000000cbf00000| Untracked 
| 192|0x00000000cc000000, 0x00000000cc0ffff0, 0x00000000cc100000| 99%| O|  |TAMS 0x00000000cc000000| PB 0x00000000cc000000| Untracked 
| 193|0x00000000cc100000, 0x00000000cc1fffd0, 0x00000000cc200000| 99%| O|  |TAMS 0x00000000cc100000| PB 0x00000000cc100000| Untracked 
| 194|0x00000000cc200000, 0x00000000cc2ffff8, 0x00000000cc300000| 99%| O|  |TAMS 0x00000000cc200000| PB 0x00000000cc200000| Untracked 
| 195|0x00000000cc300000, 0x00000000cc400000, 0x00000000cc400000|100%| O|  |TAMS 0x00000000cc300000| PB 0x00000000cc300000| Untracked 
| 196|0x00000000cc400000, 0x00000000cc4ffff8, 0x00000000cc500000| 99%| O|  |TAMS 0x00000000cc400000| PB 0x00000000cc400000| Untracked 
| 197|0x00000000cc500000, 0x00000000cc5fffe8, 0x00000000cc600000| 99%| O|  |TAMS 0x00000000cc500000| PB 0x00000000cc500000| Untracked 
| 198|0x00000000cc600000, 0x00000000cc6fffe0, 0x00000000cc700000| 99%| O|  |TAMS 0x00000000cc600000| PB 0x00000000cc600000| Untracked 
| 199|0x00000000cc700000, 0x00000000cc7fbf88, 0x00000000cc800000| 98%| O|  |TAMS 0x00000000cc700000| PB 0x00000000cc700000| Untracked 
| 200|0x00000000cc800000, 0x00000000cc900000, 0x00000000cc900000|100%| O|  |TAMS 0x00000000cc800000| PB 0x00000000cc800000| Untracked 
| 201|0x00000000cc900000, 0x00000000cc9ffff0, 0x00000000cca00000| 99%| O|  |TAMS 0x00000000cc900000| PB 0x00000000cc900000| Untracked 
| 202|0x00000000cca00000, 0x00000000ccb00000, 0x00000000ccb00000|100%| O|  |TAMS 0x00000000cca00000| PB 0x00000000cca00000| Untracked 
| 203|0x00000000ccb00000, 0x00000000ccbfffe8, 0x00000000ccc00000| 99%| O|  |TAMS 0x00000000ccb00000| PB 0x00000000ccb00000| Untracked 
| 204|0x00000000ccc00000, 0x00000000cccffff8, 0x00000000ccd00000| 99%| O|  |TAMS 0x00000000ccc00000| PB 0x00000000ccc00000| Untracked 
| 205|0x00000000ccd00000, 0x00000000ccdffff0, 0x00000000cce00000| 99%| O|  |TAMS 0x00000000ccd00000| PB 0x00000000ccd00000| Untracked 
| 206|0x00000000cce00000, 0x00000000cceffff0, 0x00000000ccf00000| 99%| O|  |TAMS 0x00000000cce00000| PB 0x00000000cce00000| Untracked 
| 207|0x00000000ccf00000, 0x00000000cd000000, 0x00000000cd000000|100%|HS|  |TAMS 0x00000000ccf00000| PB 0x00000000ccf00000| Complete 
| 208|0x00000000cd000000, 0x00000000cd100000, 0x00000000cd100000|100%| O|  |TAMS 0x00000000cd000000| PB 0x00000000cd000000| Untracked 
| 209|0x00000000cd100000, 0x00000000cd200000, 0x00000000cd200000|100%| O|  |TAMS 0x00000000cd100000| PB 0x00000000cd100000| Untracked 
| 210|0x00000000cd200000, 0x00000000cd2ffff8, 0x00000000cd300000| 99%| O|  |TAMS 0x00000000cd200000| PB 0x00000000cd200000| Untracked 
| 211|0x00000000cd300000, 0x00000000cd400000, 0x00000000cd400000|100%|HS|  |TAMS 0x00000000cd300000| PB 0x00000000cd300000| Untracked 
| 212|0x00000000cd400000, 0x00000000cd500000, 0x00000000cd500000|100%|HC|  |TAMS 0x00000000cd400000| PB 0x00000000cd400000| Untracked 
| 213|0x00000000cd500000, 0x00000000cd600000, 0x00000000cd600000|100%|HC|  |TAMS 0x00000000cd500000| PB 0x00000000cd500000| Untracked 
| 214|0x00000000cd600000, 0x00000000cd700000, 0x00000000cd700000|100%|HC|  |TAMS 0x00000000cd600000| PB 0x00000000cd600000| Untracked 
| 215|0x00000000cd700000, 0x00000000cd800000, 0x00000000cd800000|100%|HC|  |TAMS 0x00000000cd700000| PB 0x00000000cd700000| Untracked 
| 216|0x00000000cd800000, 0x00000000cd900000, 0x00000000cd900000|100%| O|  |TAMS 0x00000000cd800000| PB 0x00000000cd800000| Untracked 
| 217|0x00000000cd900000, 0x00000000cd9fb3f0, 0x00000000cda00000| 98%| O|  |TAMS 0x00000000cd900000| PB 0x00000000cd900000| Untracked 
| 218|0x00000000cda00000, 0x00000000cdb00000, 0x00000000cdb00000|100%| O|  |TAMS 0x00000000cda00000| PB 0x00000000cda00000| Untracked 
| 219|0x00000000cdb00000, 0x00000000cdbffff8, 0x00000000cdc00000| 99%| O|  |TAMS 0x00000000cdb00000| PB 0x00000000cdb00000| Untracked 
| 220|0x00000000cdc00000, 0x00000000cdcffff0, 0x00000000cdd00000| 99%| O|  |TAMS 0x00000000cdc00000| PB 0x00000000cdc00000| Untracked 
| 221|0x00000000cdd00000, 0x00000000cddfca10, 0x00000000cde00000| 98%| O|  |TAMS 0x00000000cdd00000| PB 0x00000000cdd00000| Untracked 
| 222|0x00000000cde00000, 0x00000000cdf00000, 0x00000000cdf00000|100%| O|  |TAMS 0x00000000cde00000| PB 0x00000000cde00000| Untracked 
| 223|0x00000000cdf00000, 0x00000000ce000000, 0x00000000ce000000|100%| O|  |TAMS 0x00000000cdf00000| PB 0x00000000cdf00000| Untracked 
| 224|0x00000000ce000000, 0x00000000ce0fffe8, 0x00000000ce100000| 99%| O|  |TAMS 0x00000000ce000000| PB 0x00000000ce000000| Untracked 
| 225|0x00000000ce100000, 0x00000000ce200000, 0x00000000ce200000|100%| O|  |TAMS 0x00000000ce100000| PB 0x00000000ce100000| Untracked 
| 226|0x00000000ce200000, 0x00000000ce2fffe0, 0x00000000ce300000| 99%| O|  |TAMS 0x00000000ce200000| PB 0x00000000ce200000| Untracked 
| 227|0x00000000ce300000, 0x00000000ce400000, 0x00000000ce400000|100%| O|  |TAMS 0x00000000ce300000| PB 0x00000000ce300000| Untracked 
| 228|0x00000000ce400000, 0x00000000ce500000, 0x00000000ce500000|100%|HS|  |TAMS 0x00000000ce400000| PB 0x00000000ce400000| Complete 
| 229|0x00000000ce500000, 0x00000000ce600000, 0x00000000ce600000|100%|HC|  |TAMS 0x00000000ce500000| PB 0x00000000ce500000| Complete 
| 230|0x00000000ce600000, 0x00000000ce700000, 0x00000000ce700000|100%| O|  |TAMS 0x00000000ce600000| PB 0x00000000ce600000| Untracked 
| 231|0x00000000ce700000, 0x00000000ce800000, 0x00000000ce800000|100%| O|Cm|TAMS 0x00000000ce700000| PB 0x00000000ce700000| Complete 
| 232|0x00000000ce800000, 0x00000000ce900000, 0x00000000ce900000|100%| O|  |TAMS 0x00000000ce800000| PB 0x00000000ce800000| Untracked 
| 233|0x00000000ce900000, 0x00000000cea00000, 0x00000000cea00000|100%| O|  |TAMS 0x00000000ce900000| PB 0x00000000ce900000| Untracked 
| 234|0x00000000cea00000, 0x00000000ceb00000, 0x00000000ceb00000|100%| O|  |TAMS 0x00000000cea00000| PB 0x00000000cea00000| Untracked 
| 235|0x00000000ceb00000, 0x00000000cec00000, 0x00000000cec00000|100%| O|  |TAMS 0x00000000ceb00000| PB 0x00000000ceb00000| Untracked 
| 236|0x00000000cec00000, 0x00000000ced00000, 0x00000000ced00000|100%| O|  |TAMS 0x00000000cec00000| PB 0x00000000cec00000| Untracked 
| 237|0x00000000ced00000, 0x00000000cedffff8, 0x00000000cee00000| 99%| O|  |TAMS 0x00000000ced00000| PB 0x00000000ced00000| Untracked 
| 238|0x00000000cee00000, 0x00000000cef00000, 0x00000000cef00000|100%| O|  |TAMS 0x00000000cee00000| PB 0x00000000cee00000| Untracked 
| 239|0x00000000cef00000, 0x00000000cf000000, 0x00000000cf000000|100%| O|  |TAMS 0x00000000cef00000| PB 0x00000000cef00000| Untracked 
| 240|0x00000000cf000000, 0x00000000cf0ffff0, 0x00000000cf100000| 99%| O|  |TAMS 0x00000000cf000000| PB 0x00000000cf000000| Untracked 
| 241|0x00000000cf100000, 0x00000000cf1e8308, 0x00000000cf200000| 90%| O|  |TAMS 0x00000000cf100000| PB 0x00000000cf100000| Untracked 
| 242|0x00000000cf200000, 0x00000000cf300000, 0x00000000cf300000|100%|HS|  |TAMS 0x00000000cf200000| PB 0x00000000cf200000| Complete 
| 243|0x00000000cf300000, 0x00000000cf400000, 0x00000000cf400000|100%| O|  |TAMS 0x00000000cf300000| PB 0x00000000cf300000| Untracked 
| 244|0x00000000cf400000, 0x00000000cf500000, 0x00000000cf500000|100%| O|  |TAMS 0x00000000cf400000| PB 0x00000000cf400000| Untracked 
| 245|0x00000000cf500000, 0x00000000cf600000, 0x00000000cf600000|100%| O|  |TAMS 0x00000000cf500000| PB 0x00000000cf500000| Untracked 
| 246|0x00000000cf600000, 0x00000000cf700000, 0x00000000cf700000|100%| O|  |TAMS 0x00000000cf600000| PB 0x00000000cf600000| Untracked 
| 247|0x00000000cf700000, 0x00000000cf800000, 0x00000000cf800000|100%| O|  |TAMS 0x00000000cf700000| PB 0x00000000cf700000| Untracked 
| 248|0x00000000cf800000, 0x00000000cf900000, 0x00000000cf900000|100%| O|  |TAMS 0x00000000cf800000| PB 0x00000000cf800000| Untracked 
| 249|0x00000000cf900000, 0x00000000cfa00000, 0x00000000cfa00000|100%|HS|  |TAMS 0x00000000cf900000| PB 0x00000000cf900000| Complete 
| 250|0x00000000cfa00000, 0x00000000cfb00000, 0x00000000cfb00000|100%|HC|  |TAMS 0x00000000cfa00000| PB 0x00000000cfa00000| Complete 
| 251|0x00000000cfb00000, 0x00000000cfc00000, 0x00000000cfc00000|100%|HC|  |TAMS 0x00000000cfb00000| PB 0x00000000cfb00000| Complete 
| 252|0x00000000cfc00000, 0x00000000cfd00000, 0x00000000cfd00000|100%|HC|  |TAMS 0x00000000cfc00000| PB 0x00000000cfc00000| Complete 
| 253|0x00000000cfd00000, 0x00000000cfe00000, 0x00000000cfe00000|100%|HC|  |TAMS 0x00000000cfd00000| PB 0x00000000cfd00000| Complete 
| 254|0x00000000cfe00000, 0x00000000cff00000, 0x00000000cff00000|100%|HC|  |TAMS 0x00000000cfe00000| PB 0x00000000cfe00000| Complete 
| 255|0x00000000cff00000, 0x00000000d0000000, 0x00000000d0000000|100%| O|  |TAMS 0x00000000cff00000| PB 0x00000000cff00000| Untracked 
| 256|0x00000000d0000000, 0x00000000d0100000, 0x00000000d0100000|100%| O|  |TAMS 0x00000000d0000000| PB 0x00000000d0000000| Untracked 
| 257|0x00000000d0100000, 0x00000000d0200000, 0x00000000d0200000|100%| O|Cm|TAMS 0x00000000d0100000| PB 0x00000000d0100000| Complete 
| 258|0x00000000d0200000, 0x00000000d0300000, 0x00000000d0300000|100%| O|  |TAMS 0x00000000d0200000| PB 0x00000000d0200000| Untracked 
| 259|0x00000000d0300000, 0x00000000d0400000, 0x00000000d0400000|100%| O|  |TAMS 0x00000000d0300000| PB 0x00000000d0300000| Untracked 
| 260|0x00000000d0400000, 0x00000000d0500000, 0x00000000d0500000|100%| O|  |TAMS 0x00000000d0400000| PB 0x00000000d0400000| Untracked 
| 261|0x00000000d0500000, 0x00000000d0600000, 0x00000000d0600000|100%| O|  |TAMS 0x00000000d0500000| PB 0x00000000d0500000| Untracked 
| 262|0x00000000d0600000, 0x00000000d0700000, 0x00000000d0700000|100%|HS|  |TAMS 0x00000000d0600000| PB 0x00000000d0600000| Complete 
| 263|0x00000000d0700000, 0x00000000d0800000, 0x00000000d0800000|100%| O|  |TAMS 0x00000000d0700000| PB 0x00000000d0700000| Untracked 
| 264|0x00000000d0800000, 0x00000000d0900000, 0x00000000d0900000|100%|HS|  |TAMS 0x00000000d0800000| PB 0x00000000d0800000| Complete 
| 265|0x00000000d0900000, 0x00000000d0a00000, 0x00000000d0a00000|100%|HC|  |TAMS 0x00000000d0900000| PB 0x00000000d0900000| Complete 
| 266|0x00000000d0a00000, 0x00000000d0afffd0, 0x00000000d0b00000| 99%| O|  |TAMS 0x00000000d0a00000| PB 0x00000000d0a00000| Untracked 
| 267|0x00000000d0b00000, 0x00000000d0c00000, 0x00000000d0c00000|100%| O|  |TAMS 0x00000000d0b00000| PB 0x00000000d0b00000| Untracked 
| 268|0x00000000d0c00000, 0x00000000d0cffff8, 0x00000000d0d00000| 99%| O|  |TAMS 0x00000000d0c00000| PB 0x00000000d0c00000| Untracked 
| 269|0x00000000d0d00000, 0x00000000d0e00000, 0x00000000d0e00000|100%| O|  |TAMS 0x00000000d0d00000| PB 0x00000000d0d00000| Untracked 
| 270|0x00000000d0e00000, 0x00000000d0f00000, 0x00000000d0f00000|100%| O|Cm|TAMS 0x00000000d0e00000| PB 0x00000000d0e00000| Complete 
| 271|0x00000000d0f00000, 0x00000000d1000000, 0x00000000d1000000|100%| O|  |TAMS 0x00000000d0f00000| PB 0x00000000d0f00000| Untracked 
| 272|0x00000000d1000000, 0x00000000d1100000, 0x00000000d1100000|100%|HS|  |TAMS 0x00000000d1000000| PB 0x00000000d1000000| Complete 
| 273|0x00000000d1100000, 0x00000000d1200000, 0x00000000d1200000|100%|HC|  |TAMS 0x00000000d1100000| PB 0x00000000d1100000| Complete 
| 274|0x00000000d1200000, 0x00000000d1300000, 0x00000000d1300000|100%|HS|  |TAMS 0x00000000d1200000| PB 0x00000000d1200000| Complete 
| 275|0x00000000d1300000, 0x00000000d1400000, 0x00000000d1400000|100%| O|  |TAMS 0x00000000d1300000| PB 0x00000000d1300000| Untracked 
| 276|0x00000000d1400000, 0x00000000d1500000, 0x00000000d1500000|100%| O|  |TAMS 0x00000000d1400000| PB 0x00000000d1400000| Untracked 
| 277|0x00000000d1500000, 0x00000000d1600000, 0x00000000d1600000|100%|HS|  |TAMS 0x00000000d1500000| PB 0x00000000d1500000| Complete 
| 278|0x00000000d1600000, 0x00000000d1700000, 0x00000000d1700000|100%|HC|  |TAMS 0x00000000d1600000| PB 0x00000000d1600000| Complete 
| 279|0x00000000d1700000, 0x00000000d1800000, 0x00000000d1800000|100%|HS|  |TAMS 0x00000000d1700000| PB 0x00000000d1700000| Complete 
| 280|0x00000000d1800000, 0x00000000d1900000, 0x00000000d1900000|100%|HC|  |TAMS 0x00000000d1800000| PB 0x00000000d1800000| Complete 
| 281|0x00000000d1900000, 0x00000000d1a00000, 0x00000000d1a00000|100%|HS|  |TAMS 0x00000000d1900000| PB 0x00000000d1900000| Complete 
| 282|0x00000000d1a00000, 0x00000000d1b00000, 0x00000000d1b00000|100%|HC|  |TAMS 0x00000000d1a00000| PB 0x00000000d1a00000| Complete 
| 283|0x00000000d1b00000, 0x00000000d1c00000, 0x00000000d1c00000|100%|HS|  |TAMS 0x00000000d1b00000| PB 0x00000000d1b00000| Complete 
| 284|0x00000000d1c00000, 0x00000000d1d00000, 0x00000000d1d00000|100%|HC|  |TAMS 0x00000000d1c00000| PB 0x00000000d1c00000| Complete 
| 285|0x00000000d1d00000, 0x00000000d1e00000, 0x00000000d1e00000|100%|HS|  |TAMS 0x00000000d1d00000| PB 0x00000000d1d00000| Complete 
| 286|0x00000000d1e00000, 0x00000000d1f00000, 0x00000000d1f00000|100%|HC|  |TAMS 0x00000000d1e00000| PB 0x00000000d1e00000| Complete 
| 287|0x00000000d1f00000, 0x00000000d2000000, 0x00000000d2000000|100%|HS|  |TAMS 0x00000000d1f00000| PB 0x00000000d1f00000| Complete 
| 288|0x00000000d2000000, 0x00000000d2100000, 0x00000000d2100000|100%|HC|  |TAMS 0x00000000d2000000| PB 0x00000000d2000000| Complete 
| 289|0x00000000d2100000, 0x00000000d2200000, 0x00000000d2200000|100%|HS|  |TAMS 0x00000000d2100000| PB 0x00000000d2100000| Complete 
| 290|0x00000000d2200000, 0x00000000d2300000, 0x00000000d2300000|100%|HC|  |TAMS 0x00000000d2200000| PB 0x00000000d2200000| Complete 
| 291|0x00000000d2300000, 0x00000000d2400000, 0x00000000d2400000|100%|HS|  |TAMS 0x00000000d2300000| PB 0x00000000d2300000| Complete 
| 292|0x00000000d2400000, 0x00000000d2500000, 0x00000000d2500000|100%|HC|  |TAMS 0x00000000d2400000| PB 0x00000000d2400000| Complete 
| 293|0x00000000d2500000, 0x00000000d2600000, 0x00000000d2600000|100%|HS|  |TAMS 0x00000000d2500000| PB 0x00000000d2500000| Complete 
| 294|0x00000000d2600000, 0x00000000d2700000, 0x00000000d2700000|100%|HC|  |TAMS 0x00000000d2600000| PB 0x00000000d2600000| Complete 
| 295|0x00000000d2700000, 0x00000000d2800000, 0x00000000d2800000|100%|HS|  |TAMS 0x00000000d2700000| PB 0x00000000d2700000| Complete 
| 296|0x00000000d2800000, 0x00000000d2900000, 0x00000000d2900000|100%|HC|  |TAMS 0x00000000d2800000| PB 0x00000000d2800000| Complete 
| 297|0x00000000d2900000, 0x00000000d2a00000, 0x00000000d2a00000|100%|HS|  |TAMS 0x00000000d2900000| PB 0x00000000d2900000| Complete 
| 298|0x00000000d2a00000, 0x00000000d2b00000, 0x00000000d2b00000|100%| O|  |TAMS 0x00000000d2a00000| PB 0x00000000d2a00000| Untracked 
| 299|0x00000000d2b00000, 0x00000000d2bffff8, 0x00000000d2c00000| 99%| O|  |TAMS 0x00000000d2b00000| PB 0x00000000d2b00000| Untracked 
| 300|0x00000000d2c00000, 0x00000000d2cffff0, 0x00000000d2d00000| 99%| O|  |TAMS 0x00000000d2c00000| PB 0x00000000d2c00000| Untracked 
| 301|0x00000000d2d00000, 0x00000000d2e00000, 0x00000000d2e00000|100%|HS|  |TAMS 0x00000000d2d00000| PB 0x00000000d2d00000| Complete 
| 302|0x00000000d2e00000, 0x00000000d2f00000, 0x00000000d2f00000|100%|HC|  |TAMS 0x00000000d2e00000| PB 0x00000000d2e00000| Complete 
| 303|0x00000000d2f00000, 0x00000000d3000000, 0x00000000d3000000|100%|HS|  |TAMS 0x00000000d2f00000| PB 0x00000000d2f00000| Complete 
| 304|0x00000000d3000000, 0x00000000d3100000, 0x00000000d3100000|100%|HC|  |TAMS 0x00000000d3000000| PB 0x00000000d3000000| Complete 
| 305|0x00000000d3100000, 0x00000000d3200000, 0x00000000d3200000|100%|HS|  |TAMS 0x00000000d3100000| PB 0x00000000d3100000| Complete 
| 306|0x00000000d3200000, 0x00000000d3300000, 0x00000000d3300000|100%|HC|  |TAMS 0x00000000d3200000| PB 0x00000000d3200000| Complete 
| 307|0x00000000d3300000, 0x00000000d3400000, 0x00000000d3400000|100%|HS|  |TAMS 0x00000000d3300000| PB 0x00000000d3300000| Complete 
| 308|0x00000000d3400000, 0x00000000d3500000, 0x00000000d3500000|100%| O|  |TAMS 0x00000000d3400000| PB 0x00000000d3400000| Untracked 
| 309|0x00000000d3500000, 0x00000000d3600000, 0x00000000d3600000|100%| O|  |TAMS 0x00000000d3500000| PB 0x00000000d3500000| Untracked 
| 310|0x00000000d3600000, 0x00000000d3700000, 0x00000000d3700000|100%|HS|  |TAMS 0x00000000d3600000| PB 0x00000000d3600000| Complete 
| 311|0x00000000d3700000, 0x00000000d3800000, 0x00000000d3800000|100%|HC|  |TAMS 0x00000000d3700000| PB 0x00000000d3700000| Complete 
| 312|0x00000000d3800000, 0x00000000d3900000, 0x00000000d3900000|100%|HS|  |TAMS 0x00000000d3800000| PB 0x00000000d3800000| Complete 
| 313|0x00000000d3900000, 0x00000000d3a00000, 0x00000000d3a00000|100%| O|  |TAMS 0x00000000d3900000| PB 0x00000000d3900000| Untracked 
| 314|0x00000000d3a00000, 0x00000000d3b00000, 0x00000000d3b00000|100%|HS|  |TAMS 0x00000000d3a00000| PB 0x00000000d3a00000| Complete 
| 315|0x00000000d3b00000, 0x00000000d3c00000, 0x00000000d3c00000|100%| O|  |TAMS 0x00000000d3b00000| PB 0x00000000d3b00000| Untracked 
| 316|0x00000000d3c00000, 0x00000000d3d00000, 0x00000000d3d00000|100%| O|  |TAMS 0x00000000d3c00000| PB 0x00000000d3c00000| Untracked 
| 317|0x00000000d3d00000, 0x00000000d3e00000, 0x00000000d3e00000|100%|HS|  |TAMS 0x00000000d3d00000| PB 0x00000000d3d00000| Complete 
| 318|0x00000000d3e00000, 0x00000000d3f00000, 0x00000000d3f00000|100%|HC|  |TAMS 0x00000000d3e00000| PB 0x00000000d3e00000| Complete 
| 319|0x00000000d3f00000, 0x00000000d4000000, 0x00000000d4000000|100%| O|  |TAMS 0x00000000d3f00000| PB 0x00000000d3f00000| Untracked 
| 320|0x00000000d4000000, 0x00000000d4100000, 0x00000000d4100000|100%|HS|  |TAMS 0x00000000d4000000| PB 0x00000000d4000000| Complete 
| 321|0x00000000d4100000, 0x00000000d4200000, 0x00000000d4200000|100%|HC|  |TAMS 0x00000000d4100000| PB 0x00000000d4100000| Complete 
| 322|0x00000000d4200000, 0x00000000d4300000, 0x00000000d4300000|100%|HS|  |TAMS 0x00000000d4200000| PB 0x00000000d4200000| Complete 
| 323|0x00000000d4300000, 0x00000000d4400000, 0x00000000d4400000|100%|HC|  |TAMS 0x00000000d4300000| PB 0x00000000d4300000| Complete 
| 324|0x00000000d4400000, 0x00000000d4500000, 0x00000000d4500000|100%|HS|  |TAMS 0x00000000d4400000| PB 0x00000000d4400000| Complete 
| 325|0x00000000d4500000, 0x00000000d4600000, 0x00000000d4600000|100%|HC|  |TAMS 0x00000000d4500000| PB 0x00000000d4500000| Complete 
| 326|0x00000000d4600000, 0x00000000d4700000, 0x00000000d4700000|100%| O|  |TAMS 0x00000000d4600000| PB 0x00000000d4600000| Untracked 
| 327|0x00000000d4700000, 0x00000000d4800000, 0x00000000d4800000|100%|HS|  |TAMS 0x00000000d4700000| PB 0x00000000d4700000| Complete 
| 328|0x00000000d4800000, 0x00000000d4900000, 0x00000000d4900000|100%|HC|  |TAMS 0x00000000d4800000| PB 0x00000000d4800000| Complete 
| 329|0x00000000d4900000, 0x00000000d4a00000, 0x00000000d4a00000|100%|HS|  |TAMS 0x00000000d4900000| PB 0x00000000d4900000| Complete 
| 330|0x00000000d4a00000, 0x00000000d4b00000, 0x00000000d4b00000|100%|HC|  |TAMS 0x00000000d4a00000| PB 0x00000000d4a00000| Complete 
| 331|0x00000000d4b00000, 0x00000000d4c00000, 0x00000000d4c00000|100%|HS|  |TAMS 0x00000000d4b00000| PB 0x00000000d4b00000| Complete 
| 332|0x00000000d4c00000, 0x00000000d4d00000, 0x00000000d4d00000|100%|HC|  |TAMS 0x00000000d4c00000| PB 0x00000000d4c00000| Complete 
| 333|0x00000000d4d00000, 0x00000000d4e00000, 0x00000000d4e00000|100%|HS|  |TAMS 0x00000000d4d00000| PB 0x00000000d4d00000| Complete 
| 334|0x00000000d4e00000, 0x00000000d4f00000, 0x00000000d4f00000|100%|HC|  |TAMS 0x00000000d4e00000| PB 0x00000000d4e00000| Complete 
| 335|0x00000000d4f00000, 0x00000000d5000000, 0x00000000d5000000|100%|HS|  |TAMS 0x00000000d4f00000| PB 0x00000000d4f00000| Complete 
| 336|0x00000000d5000000, 0x00000000d5100000, 0x00000000d5100000|100%|HC|  |TAMS 0x00000000d5000000| PB 0x00000000d5000000| Complete 
| 337|0x00000000d5100000, 0x00000000d5200000, 0x00000000d5200000|100%|HS|  |TAMS 0x00000000d5100000| PB 0x00000000d5100000| Complete 
| 338|0x00000000d5200000, 0x00000000d5300000, 0x00000000d5300000|100%|HC|  |TAMS 0x00000000d5200000| PB 0x00000000d5200000| Complete 
| 339|0x00000000d5300000, 0x00000000d5400000, 0x00000000d5400000|100%|HS|  |TAMS 0x00000000d5300000| PB 0x00000000d5300000| Complete 
| 340|0x00000000d5400000, 0x00000000d5500000, 0x00000000d5500000|100%|HC|  |TAMS 0x00000000d5400000| PB 0x00000000d5400000| Complete 
| 341|0x00000000d5500000, 0x00000000d5600000, 0x00000000d5600000|100%|HS|  |TAMS 0x00000000d5500000| PB 0x00000000d5500000| Complete 
| 342|0x00000000d5600000, 0x00000000d5700000, 0x00000000d5700000|100%|HC|  |TAMS 0x00000000d5600000| PB 0x00000000d5600000| Complete 
| 343|0x00000000d5700000, 0x00000000d5800000, 0x00000000d5800000|100%|HS|  |TAMS 0x00000000d5700000| PB 0x00000000d5700000| Complete 
| 344|0x00000000d5800000, 0x00000000d5900000, 0x00000000d5900000|100%|HC|  |TAMS 0x00000000d5800000| PB 0x00000000d5800000| Complete 
| 345|0x00000000d5900000, 0x00000000d5a00000, 0x00000000d5a00000|100%|HS|  |TAMS 0x00000000d5900000| PB 0x00000000d5900000| Complete 
| 346|0x00000000d5a00000, 0x00000000d5b00000, 0x00000000d5b00000|100%|HC|  |TAMS 0x00000000d5a00000| PB 0x00000000d5a00000| Complete 
| 347|0x00000000d5b00000, 0x00000000d5c00000, 0x00000000d5c00000|100%|HS|  |TAMS 0x00000000d5b00000| PB 0x00000000d5b00000| Complete 
| 348|0x00000000d5c00000, 0x00000000d5d00000, 0x00000000d5d00000|100%|HC|  |TAMS 0x00000000d5c00000| PB 0x00000000d5c00000| Complete 
| 349|0x00000000d5d00000, 0x00000000d5e00000, 0x00000000d5e00000|100%|HS|  |TAMS 0x00000000d5d00000| PB 0x00000000d5d00000| Complete 
| 350|0x00000000d5e00000, 0x00000000d5f00000, 0x00000000d5f00000|100%|HC|  |TAMS 0x00000000d5e00000| PB 0x00000000d5e00000| Complete 
| 351|0x00000000d5f00000, 0x00000000d6000000, 0x00000000d6000000|100%|HS|  |TAMS 0x00000000d5f00000| PB 0x00000000d5f00000| Complete 
| 352|0x00000000d6000000, 0x00000000d6100000, 0x00000000d6100000|100%|HC|  |TAMS 0x00000000d6000000| PB 0x00000000d6000000| Complete 
| 353|0x00000000d6100000, 0x00000000d6200000, 0x00000000d6200000|100%| E|CS|TAMS 0x00000000d6100000| PB 0x00000000d6100000| Complete 
| 354|0x00000000d6200000, 0x00000000d6300000, 0x00000000d6300000|100%| O|  |TAMS 0x00000000d6200000| PB 0x00000000d6200000| Untracked 
| 355|0x00000000d6300000, 0x00000000d6400000, 0x00000000d6400000|100%|HS|  |TAMS 0x00000000d6300000| PB 0x00000000d6300000| Complete 
| 356|0x00000000d6400000, 0x00000000d6500000, 0x00000000d6500000|100%|HC|  |TAMS 0x00000000d6400000| PB 0x00000000d6400000| Complete 
| 357|0x00000000d6500000, 0x00000000d6600000, 0x00000000d6600000|100%|HS|  |TAMS 0x00000000d6500000| PB 0x00000000d6500000| Complete 
| 358|0x00000000d6600000, 0x00000000d6700000, 0x00000000d6700000|100%|HC|  |TAMS 0x00000000d6600000| PB 0x00000000d6600000| Complete 
| 359|0x00000000d6700000, 0x00000000d6800000, 0x00000000d6800000|100%|HS|  |TAMS 0x00000000d6700000| PB 0x00000000d6700000| Complete 
| 360|0x00000000d6800000, 0x00000000d6900000, 0x00000000d6900000|100%|HC|  |TAMS 0x00000000d6800000| PB 0x00000000d6800000| Complete 
| 361|0x00000000d6900000, 0x00000000d6a00000, 0x00000000d6a00000|100%|HS|  |TAMS 0x00000000d6900000| PB 0x00000000d6900000| Complete 
| 362|0x00000000d6a00000, 0x00000000d6b00000, 0x00000000d6b00000|100%|HC|  |TAMS 0x00000000d6a00000| PB 0x00000000d6a00000| Complete 
| 363|0x00000000d6b00000, 0x00000000d6c00000, 0x00000000d6c00000|100%|HS|  |TAMS 0x00000000d6b00000| PB 0x00000000d6b00000| Complete 
| 364|0x00000000d6c00000, 0x00000000d6d00000, 0x00000000d6d00000|100%|HC|  |TAMS 0x00000000d6c00000| PB 0x00000000d6c00000| Complete 
| 365|0x00000000d6d00000, 0x00000000d6e00000, 0x00000000d6e00000|100%|HS|  |TAMS 0x00000000d6d00000| PB 0x00000000d6d00000| Complete 
| 366|0x00000000d6e00000, 0x00000000d6f00000, 0x00000000d6f00000|100%|HC|  |TAMS 0x00000000d6e00000| PB 0x00000000d6e00000| Complete 
| 367|0x00000000d6f00000, 0x00000000d7000000, 0x00000000d7000000|100%|HS|  |TAMS 0x00000000d6f00000| PB 0x00000000d6f00000| Complete 
| 368|0x00000000d7000000, 0x00000000d7100000, 0x00000000d7100000|100%|HC|  |TAMS 0x00000000d7000000| PB 0x00000000d7000000| Complete 
| 369|0x00000000d7100000, 0x00000000d7200000, 0x00000000d7200000|100%| E|CS|TAMS 0x00000000d7100000| PB 0x00000000d7100000| Complete 
| 370|0x00000000d7200000, 0x00000000d7300000, 0x00000000d7300000|100%| E|CS|TAMS 0x00000000d7200000| PB 0x00000000d7200000| Complete 
| 371|0x00000000d7300000, 0x00000000d7400000, 0x00000000d7400000|100%| E|CS|TAMS 0x00000000d7300000| PB 0x00000000d7300000| Complete 
| 372|0x00000000d7400000, 0x00000000d7500000, 0x00000000d7500000|100%| E|CS|TAMS 0x00000000d7400000| PB 0x00000000d7400000| Complete 
| 373|0x00000000d7500000, 0x00000000d7600000, 0x00000000d7600000|100%| E|CS|TAMS 0x00000000d7500000| PB 0x00000000d7500000| Complete 
| 374|0x00000000d7600000, 0x00000000d7700000, 0x00000000d7700000|100%| E|CS|TAMS 0x00000000d7600000| PB 0x00000000d7600000| Complete 
| 375|0x00000000d7700000, 0x00000000d7800000, 0x00000000d7800000|100%| E|CS|TAMS 0x00000000d7700000| PB 0x00000000d7700000| Complete 
| 376|0x00000000d7800000, 0x00000000d7900000, 0x00000000d7900000|100%| E|CS|TAMS 0x00000000d7800000| PB 0x00000000d7800000| Complete 
| 377|0x00000000d7900000, 0x00000000d7a00000, 0x00000000d7a00000|100%| E|CS|TAMS 0x00000000d7900000| PB 0x00000000d7900000| Complete 
| 378|0x00000000d7a00000, 0x00000000d7b00000, 0x00000000d7b00000|100%| E|CS|TAMS 0x00000000d7a00000| PB 0x00000000d7a00000| Complete 
| 379|0x00000000d7b00000, 0x00000000d7c00000, 0x00000000d7c00000|100%| E|CS|TAMS 0x00000000d7b00000| PB 0x00000000d7b00000| Complete 
| 380|0x00000000d7c00000, 0x00000000d7d00000, 0x00000000d7d00000|100%| E|CS|TAMS 0x00000000d7c00000| PB 0x00000000d7c00000| Complete 
| 381|0x00000000d7d00000, 0x00000000d7e00000, 0x00000000d7e00000|100%| E|CS|TAMS 0x00000000d7d00000| PB 0x00000000d7d00000| Complete 
| 382|0x00000000d7e00000, 0x00000000d7f00000, 0x00000000d7f00000|100%| E|CS|TAMS 0x00000000d7e00000| PB 0x00000000d7e00000| Complete 
| 383|0x00000000d7f00000, 0x00000000d8000000, 0x00000000d8000000|100%| E|CS|TAMS 0x00000000d7f00000| PB 0x00000000d7f00000| Complete 
| 384|0x00000000d8000000, 0x00000000d8100000, 0x00000000d8100000|100%| E|CS|TAMS 0x00000000d8000000| PB 0x00000000d8000000| Complete 
| 385|0x00000000d8100000, 0x00000000d8200000, 0x00000000d8200000|100%| E|CS|TAMS 0x00000000d8100000| PB 0x00000000d8100000| Complete 
| 386|0x00000000d8200000, 0x00000000d8300000, 0x00000000d8300000|100%| E|CS|TAMS 0x00000000d8200000| PB 0x00000000d8200000| Complete 
| 387|0x00000000d8300000, 0x00000000d8400000, 0x00000000d8400000|100%| E|CS|TAMS 0x00000000d8300000| PB 0x00000000d8300000| Complete 
| 388|0x00000000d8400000, 0x00000000d8500000, 0x00000000d8500000|100%| E|CS|TAMS 0x00000000d8400000| PB 0x00000000d8400000| Complete 
| 389|0x00000000d8500000, 0x00000000d8600000, 0x00000000d8600000|100%| E|CS|TAMS 0x00000000d8500000| PB 0x00000000d8500000| Complete 
| 390|0x00000000d8600000, 0x00000000d8700000, 0x00000000d8700000|100%| E|CS|TAMS 0x00000000d8600000| PB 0x00000000d8600000| Complete 
| 391|0x00000000d8700000, 0x00000000d8800000, 0x00000000d8800000|100%| E|CS|TAMS 0x00000000d8700000| PB 0x00000000d8700000| Complete 
| 392|0x00000000d8800000, 0x00000000d8900000, 0x00000000d8900000|100%| E|CS|TAMS 0x00000000d8800000| PB 0x00000000d8800000| Complete 
| 393|0x00000000d8900000, 0x00000000d8a00000, 0x00000000d8a00000|100%| E|CS|TAMS 0x00000000d8900000| PB 0x00000000d8900000| Complete 
| 394|0x00000000d8a00000, 0x00000000d8b00000, 0x00000000d8b00000|100%| E|CS|TAMS 0x00000000d8a00000| PB 0x00000000d8a00000| Complete 
| 395|0x00000000d8b00000, 0x00000000d8c00000, 0x00000000d8c00000|100%| E|CS|TAMS 0x00000000d8b00000| PB 0x00000000d8b00000| Complete 
| 396|0x00000000d8c00000, 0x00000000d8d00000, 0x00000000d8d00000|100%| E|CS|TAMS 0x00000000d8c00000| PB 0x00000000d8c00000| Complete 
| 397|0x00000000d8d00000, 0x00000000d8e00000, 0x00000000d8e00000|100%| E|CS|TAMS 0x00000000d8d00000| PB 0x00000000d8d00000| Complete 
| 398|0x00000000d8e00000, 0x00000000d8f00000, 0x00000000d8f00000|100%| E|CS|TAMS 0x00000000d8e00000| PB 0x00000000d8e00000| Complete 
| 399|0x00000000d8f00000, 0x00000000d9000000, 0x00000000d9000000|100%| E|CS|TAMS 0x00000000d8f00000| PB 0x00000000d8f00000| Complete 
| 400|0x00000000d9000000, 0x00000000d9100000, 0x00000000d9100000|100%| E|CS|TAMS 0x00000000d9000000| PB 0x00000000d9000000| Complete 
| 401|0x00000000d9100000, 0x00000000d9200000, 0x00000000d9200000|100%| E|CS|TAMS 0x00000000d9100000| PB 0x00000000d9100000| Complete 
| 402|0x00000000d9200000, 0x00000000d9300000, 0x00000000d9300000|100%| E|CS|TAMS 0x00000000d9200000| PB 0x00000000d9200000| Complete 
| 403|0x00000000d9300000, 0x00000000d9400000, 0x00000000d9400000|100%| E|CS|TAMS 0x00000000d9300000| PB 0x00000000d9300000| Complete 
| 404|0x00000000d9400000, 0x00000000d9500000, 0x00000000d9500000|100%| E|CS|TAMS 0x00000000d9400000| PB 0x00000000d9400000| Complete 
| 405|0x00000000d9500000, 0x00000000d9600000, 0x00000000d9600000|100%| E|CS|TAMS 0x00000000d9500000| PB 0x00000000d9500000| Complete 
| 406|0x00000000d9600000, 0x00000000d9700000, 0x00000000d9700000|100%| E|CS|TAMS 0x00000000d9600000| PB 0x00000000d9600000| Complete 
| 407|0x00000000d9700000, 0x00000000d9800000, 0x00000000d9800000|100%| E|CS|TAMS 0x00000000d9700000| PB 0x00000000d9700000| Complete 
| 408|0x00000000d9800000, 0x00000000d9900000, 0x00000000d9900000|100%| E|CS|TAMS 0x00000000d9800000| PB 0x00000000d9800000| Complete 
| 409|0x00000000d9900000, 0x00000000d9a00000, 0x00000000d9a00000|100%| E|CS|TAMS 0x00000000d9900000| PB 0x00000000d9900000| Complete 
| 410|0x00000000d9a00000, 0x00000000d9b00000, 0x00000000d9b00000|100%| E|CS|TAMS 0x00000000d9a00000| PB 0x00000000d9a00000| Complete 
| 411|0x00000000d9b00000, 0x00000000d9c00000, 0x00000000d9c00000|100%| E|CS|TAMS 0x00000000d9b00000| PB 0x00000000d9b00000| Complete 
| 412|0x00000000d9c00000, 0x00000000d9d00000, 0x00000000d9d00000|100%| E|CS|TAMS 0x00000000d9c00000| PB 0x00000000d9c00000| Complete 
| 413|0x00000000d9d00000, 0x00000000d9e00000, 0x00000000d9e00000|100%| E|CS|TAMS 0x00000000d9d00000| PB 0x00000000d9d00000| Complete 
| 414|0x00000000d9e00000, 0x00000000d9f00000, 0x00000000d9f00000|100%| E|CS|TAMS 0x00000000d9e00000| PB 0x00000000d9e00000| Complete 
| 415|0x00000000d9f00000, 0x00000000da000000, 0x00000000da000000|100%| E|CS|TAMS 0x00000000d9f00000| PB 0x00000000d9f00000| Complete 
| 416|0x00000000da000000, 0x00000000da100000, 0x00000000da100000|100%| E|CS|TAMS 0x00000000da000000| PB 0x00000000da000000| Complete 
| 417|0x00000000da100000, 0x00000000da200000, 0x00000000da200000|100%| E|CS|TAMS 0x00000000da100000| PB 0x00000000da100000| Complete 
| 418|0x00000000da200000, 0x00000000da300000, 0x00000000da300000|100%| E|CS|TAMS 0x00000000da200000| PB 0x00000000da200000| Complete 
| 419|0x00000000da300000, 0x00000000da400000, 0x00000000da400000|100%| E|CS|TAMS 0x00000000da300000| PB 0x00000000da300000| Complete 
| 420|0x00000000da400000, 0x00000000da500000, 0x00000000da500000|100%| E|CS|TAMS 0x00000000da400000| PB 0x00000000da400000| Complete 
| 421|0x00000000da500000, 0x00000000da600000, 0x00000000da600000|100%| E|CS|TAMS 0x00000000da500000| PB 0x00000000da500000| Complete 
| 422|0x00000000da600000, 0x00000000da700000, 0x00000000da700000|100%| E|CS|TAMS 0x00000000da600000| PB 0x00000000da600000| Complete 
| 423|0x00000000da700000, 0x00000000da774d80, 0x00000000da800000| 45%| E|CS|TAMS 0x00000000da700000| PB 0x00000000da700000| Complete 
| 424|0x00000000da800000, 0x00000000da900000, 0x00000000da900000|100%| E|CS|TAMS 0x00000000da800000| PB 0x00000000da800000| Complete 
| 425|0x00000000da900000, 0x00000000daa00000, 0x00000000daa00000|100%| E|CS|TAMS 0x00000000da900000| PB 0x00000000da900000| Complete 
| 426|0x00000000daa00000, 0x00000000dab00000, 0x00000000dab00000|100%| E|CS|TAMS 0x00000000daa00000| PB 0x00000000daa00000| Complete 
| 427|0x00000000dab00000, 0x00000000dac00000, 0x00000000dac00000|100%| E|CS|TAMS 0x00000000dab00000| PB 0x00000000dab00000| Complete 
| 428|0x00000000dac00000, 0x00000000dad00000, 0x00000000dad00000|100%| E|CS|TAMS 0x00000000dac00000| PB 0x00000000dac00000| Complete 
| 429|0x00000000dad00000, 0x00000000dae00000, 0x00000000dae00000|100%| E|CS|TAMS 0x00000000dad00000| PB 0x00000000dad00000| Complete 
| 430|0x00000000dae00000, 0x00000000daf00000, 0x00000000daf00000|100%| E|CS|TAMS 0x00000000dae00000| PB 0x00000000dae00000| Complete 
| 431|0x00000000daf00000, 0x00000000db000000, 0x00000000db000000|100%| E|CS|TAMS 0x00000000daf00000| PB 0x00000000daf00000| Complete 
| 432|0x00000000db000000, 0x00000000db100000, 0x00000000db100000|100%| E|CS|TAMS 0x00000000db000000| PB 0x00000000db000000| Complete 
| 433|0x00000000db100000, 0x00000000db200000, 0x00000000db200000|100%| E|CS|TAMS 0x00000000db100000| PB 0x00000000db100000| Complete 
| 434|0x00000000db200000, 0x00000000db300000, 0x00000000db300000|100%| E|CS|TAMS 0x00000000db200000| PB 0x00000000db200000| Complete 
| 435|0x00000000db300000, 0x00000000db400000, 0x00000000db400000|100%| E|CS|TAMS 0x00000000db300000| PB 0x00000000db300000| Complete 
| 436|0x00000000db400000, 0x00000000db500000, 0x00000000db500000|100%| E|CS|TAMS 0x00000000db400000| PB 0x00000000db400000| Complete 
| 437|0x00000000db500000, 0x00000000db600000, 0x00000000db600000|100%| E|CS|TAMS 0x00000000db500000| PB 0x00000000db500000| Complete 
| 438|0x00000000db600000, 0x00000000db700000, 0x00000000db700000|100%| E|CS|TAMS 0x00000000db600000| PB 0x00000000db600000| Complete 
| 439|0x00000000db700000, 0x00000000db800000, 0x00000000db800000|100%| E|CS|TAMS 0x00000000db700000| PB 0x00000000db700000| Complete 
| 440|0x00000000db800000, 0x00000000db900000, 0x00000000db900000|100%| E|CS|TAMS 0x00000000db800000| PB 0x00000000db800000| Complete 
| 441|0x00000000db900000, 0x00000000dba00000, 0x00000000dba00000|100%| E|CS|TAMS 0x00000000db900000| PB 0x00000000db900000| Complete 
| 442|0x00000000dba00000, 0x00000000dbb00000, 0x00000000dbb00000|100%| E|CS|TAMS 0x00000000dba00000| PB 0x00000000dba00000| Complete 
| 443|0x00000000dbb00000, 0x00000000dbc00000, 0x00000000dbc00000|100%| E|CS|TAMS 0x00000000dbb00000| PB 0x00000000dbb00000| Complete 
| 444|0x00000000dbc00000, 0x00000000dbd00000, 0x00000000dbd00000|100%| E|CS|TAMS 0x00000000dbc00000| PB 0x00000000dbc00000| Complete 
| 445|0x00000000dbd00000, 0x00000000dbe00000, 0x00000000dbe00000|100%| E|CS|TAMS 0x00000000dbd00000| PB 0x00000000dbd00000| Complete 
| 446|0x00000000dbe00000, 0x00000000dbf00000, 0x00000000dbf00000|100%| E|CS|TAMS 0x00000000dbe00000| PB 0x00000000dbe00000| Complete 
| 447|0x00000000dbf00000, 0x00000000dc000000, 0x00000000dc000000|100%| E|CS|TAMS 0x00000000dbf00000| PB 0x00000000dbf00000| Complete 
| 448|0x00000000dc000000, 0x00000000dc100000, 0x00000000dc100000|100%| E|CS|TAMS 0x00000000dc000000| PB 0x00000000dc000000| Complete 
| 449|0x00000000dc100000, 0x00000000dc200000, 0x00000000dc200000|100%| E|CS|TAMS 0x00000000dc100000| PB 0x00000000dc100000| Complete 
| 450|0x00000000dc200000, 0x00000000dc300000, 0x00000000dc300000|100%| E|CS|TAMS 0x00000000dc200000| PB 0x00000000dc200000| Complete 
| 451|0x00000000dc300000, 0x00000000dc400000, 0x00000000dc400000|100%| E|CS|TAMS 0x00000000dc300000| PB 0x00000000dc300000| Complete 
| 452|0x00000000dc400000, 0x00000000dc500000, 0x00000000dc500000|100%| E|CS|TAMS 0x00000000dc400000| PB 0x00000000dc400000| Complete 
| 453|0x00000000dc500000, 0x00000000dc600000, 0x00000000dc600000|100%| E|CS|TAMS 0x00000000dc500000| PB 0x00000000dc500000| Complete 
| 454|0x00000000dc600000, 0x00000000dc700000, 0x00000000dc700000|100%| E|CS|TAMS 0x00000000dc600000| PB 0x00000000dc600000| Complete 
| 455|0x00000000dc700000, 0x00000000dc800000, 0x00000000dc800000|100%| E|CS|TAMS 0x00000000dc700000| PB 0x00000000dc700000| Complete 
| 456|0x00000000dc800000, 0x00000000dc900000, 0x00000000dc900000|100%| E|CS|TAMS 0x00000000dc800000| PB 0x00000000dc800000| Complete 
| 457|0x00000000dc900000, 0x00000000dca00000, 0x00000000dca00000|100%| E|CS|TAMS 0x00000000dc900000| PB 0x00000000dc900000| Complete 
| 458|0x00000000dca00000, 0x00000000dcb00000, 0x00000000dcb00000|100%| E|CS|TAMS 0x00000000dca00000| PB 0x00000000dca00000| Complete 
| 459|0x00000000dcb00000, 0x00000000dcc00000, 0x00000000dcc00000|100%| E|CS|TAMS 0x00000000dcb00000| PB 0x00000000dcb00000| Complete 
| 460|0x00000000dcc00000, 0x00000000dcd00000, 0x00000000dcd00000|100%| E|CS|TAMS 0x00000000dcc00000| PB 0x00000000dcc00000| Complete 
| 461|0x00000000dcd00000, 0x00000000dce00000, 0x00000000dce00000|100%| E|CS|TAMS 0x00000000dcd00000| PB 0x00000000dcd00000| Complete 
| 462|0x00000000dce00000, 0x00000000dcf00000, 0x00000000dcf00000|100%| E|CS|TAMS 0x00000000dce00000| PB 0x00000000dce00000| Complete 
| 463|0x00000000dcf00000, 0x00000000dd000000, 0x00000000dd000000|100%| E|CS|TAMS 0x00000000dcf00000| PB 0x00000000dcf00000| Complete 
| 464|0x00000000dd000000, 0x00000000dd100000, 0x00000000dd100000|100%| E|CS|TAMS 0x00000000dd000000| PB 0x00000000dd000000| Complete 
| 465|0x00000000dd100000, 0x00000000dd200000, 0x00000000dd200000|100%| E|CS|TAMS 0x00000000dd100000| PB 0x00000000dd100000| Complete 
| 466|0x00000000dd200000, 0x00000000dd300000, 0x00000000dd300000|100%| E|CS|TAMS 0x00000000dd200000| PB 0x00000000dd200000| Complete 
| 467|0x00000000dd300000, 0x00000000dd400000, 0x00000000dd400000|100%| E|CS|TAMS 0x00000000dd300000| PB 0x00000000dd300000| Complete 
| 468|0x00000000dd400000, 0x00000000dd500000, 0x00000000dd500000|100%| E|CS|TAMS 0x00000000dd400000| PB 0x00000000dd400000| Complete 
| 469|0x00000000dd500000, 0x00000000dd600000, 0x00000000dd600000|100%| E|CS|TAMS 0x00000000dd500000| PB 0x00000000dd500000| Complete 
| 470|0x00000000dd600000, 0x00000000dd700000, 0x00000000dd700000|100%| E|CS|TAMS 0x00000000dd600000| PB 0x00000000dd600000| Complete 
| 471|0x00000000dd700000, 0x00000000dd800000, 0x00000000dd800000|100%| E|CS|TAMS 0x00000000dd700000| PB 0x00000000dd700000| Complete 
| 472|0x00000000dd800000, 0x00000000dd900000, 0x00000000dd900000|100%| E|CS|TAMS 0x00000000dd800000| PB 0x00000000dd800000| Complete 
| 473|0x00000000dd900000, 0x00000000dda00000, 0x00000000dda00000|100%| E|CS|TAMS 0x00000000dd900000| PB 0x00000000dd900000| Complete 
| 474|0x00000000dda00000, 0x00000000ddb00000, 0x00000000ddb00000|100%| E|CS|TAMS 0x00000000dda00000| PB 0x00000000dda00000| Complete 
| 475|0x00000000ddb00000, 0x00000000ddc00000, 0x00000000ddc00000|100%| E|CS|TAMS 0x00000000ddb00000| PB 0x00000000ddb00000| Complete 
| 476|0x00000000ddc00000, 0x00000000ddd00000, 0x00000000ddd00000|100%| E|CS|TAMS 0x00000000ddc00000| PB 0x00000000ddc00000| Complete 
| 477|0x00000000ddd00000, 0x00000000dde00000, 0x00000000dde00000|100%| E|CS|TAMS 0x00000000ddd00000| PB 0x00000000ddd00000| Complete 
| 478|0x00000000dde00000, 0x00000000ddf00000, 0x00000000ddf00000|100%| E|CS|TAMS 0x00000000dde00000| PB 0x00000000dde00000| Complete 
| 479|0x00000000ddf00000, 0x00000000de000000, 0x00000000de000000|100%| E|CS|TAMS 0x00000000ddf00000| PB 0x00000000ddf00000| Complete 
| 480|0x00000000de000000, 0x00000000de100000, 0x00000000de100000|100%| E|CS|TAMS 0x00000000de000000| PB 0x00000000de000000| Complete 
| 481|0x00000000de100000, 0x00000000de200000, 0x00000000de200000|100%| E|CS|TAMS 0x00000000de100000| PB 0x00000000de100000| Complete 
| 482|0x00000000de200000, 0x00000000de300000, 0x00000000de300000|100%| E|CS|TAMS 0x00000000de200000| PB 0x00000000de200000| Complete 
| 483|0x00000000de300000, 0x00000000de400000, 0x00000000de400000|100%| E|CS|TAMS 0x00000000de300000| PB 0x00000000de300000| Complete 
| 484|0x00000000de400000, 0x00000000de500000, 0x00000000de500000|100%| E|CS|TAMS 0x00000000de400000| PB 0x00000000de400000| Complete 
| 485|0x00000000de500000, 0x00000000de600000, 0x00000000de600000|100%| E|CS|TAMS 0x00000000de500000| PB 0x00000000de500000| Complete 
| 486|0x00000000de600000, 0x00000000de700000, 0x00000000de700000|100%| E|CS|TAMS 0x00000000de600000| PB 0x00000000de600000| Complete 
| 487|0x00000000de700000, 0x00000000de800000, 0x00000000de800000|100%| E|CS|TAMS 0x00000000de700000| PB 0x00000000de700000| Complete 
| 488|0x00000000de800000, 0x00000000de900000, 0x00000000de900000|100%| E|CS|TAMS 0x00000000de800000| PB 0x00000000de800000| Complete 
| 489|0x00000000de900000, 0x00000000dea00000, 0x00000000dea00000|100%| E|CS|TAMS 0x00000000de900000| PB 0x00000000de900000| Complete 
| 490|0x00000000dea00000, 0x00000000deb00000, 0x00000000deb00000|100%| E|CS|TAMS 0x00000000dea00000| PB 0x00000000dea00000| Complete 
| 491|0x00000000deb00000, 0x00000000dec00000, 0x00000000dec00000|100%| E|CS|TAMS 0x00000000deb00000| PB 0x00000000deb00000| Complete 
| 492|0x00000000dec00000, 0x00000000ded00000, 0x00000000ded00000|100%| E|CS|TAMS 0x00000000dec00000| PB 0x00000000dec00000| Complete 
| 493|0x00000000ded00000, 0x00000000dee00000, 0x00000000dee00000|100%| E|CS|TAMS 0x00000000ded00000| PB 0x00000000ded00000| Complete 
| 494|0x00000000dee00000, 0x00000000def00000, 0x00000000def00000|100%| E|CS|TAMS 0x00000000dee00000| PB 0x00000000dee00000| Complete 
| 495|0x00000000def00000, 0x00000000df000000, 0x00000000df000000|100%| E|CS|TAMS 0x00000000def00000| PB 0x00000000def00000| Complete 
| 496|0x00000000df000000, 0x00000000df100000, 0x00000000df100000|100%| E|CS|TAMS 0x00000000df000000| PB 0x00000000df000000| Complete 
| 497|0x00000000df100000, 0x00000000df200000, 0x00000000df200000|100%| E|CS|TAMS 0x00000000df100000| PB 0x00000000df100000| Complete 
| 498|0x00000000df200000, 0x00000000df300000, 0x00000000df300000|100%| E|CS|TAMS 0x00000000df200000| PB 0x00000000df200000| Complete 
| 499|0x00000000df300000, 0x00000000df400000, 0x00000000df400000|100%| E|CS|TAMS 0x00000000df300000| PB 0x00000000df300000| Complete 
| 500|0x00000000df400000, 0x00000000df500000, 0x00000000df500000|100%| E|CS|TAMS 0x00000000df400000| PB 0x00000000df400000| Complete 
| 501|0x00000000df500000, 0x00000000df600000, 0x00000000df600000|100%| E|CS|TAMS 0x00000000df500000| PB 0x00000000df500000| Complete 
| 502|0x00000000df600000, 0x00000000df700000, 0x00000000df700000|100%| E|CS|TAMS 0x00000000df600000| PB 0x00000000df600000| Complete 
| 503|0x00000000df700000, 0x00000000df800000, 0x00000000df800000|100%| E|CS|TAMS 0x00000000df700000| PB 0x00000000df700000| Complete 
| 504|0x00000000df800000, 0x00000000df900000, 0x00000000df900000|100%| E|CS|TAMS 0x00000000df800000| PB 0x00000000df800000| Complete 
| 505|0x00000000df900000, 0x00000000dfa00000, 0x00000000dfa00000|100%| E|CS|TAMS 0x00000000df900000| PB 0x00000000df900000| Complete 
| 506|0x00000000dfa00000, 0x00000000dfb00000, 0x00000000dfb00000|100%| E|CS|TAMS 0x00000000dfa00000| PB 0x00000000dfa00000| Complete 
| 507|0x00000000dfb00000, 0x00000000dfc00000, 0x00000000dfc00000|100%| E|CS|TAMS 0x00000000dfb00000| PB 0x00000000dfb00000| Complete 
| 508|0x00000000dfc00000, 0x00000000dfd00000, 0x00000000dfd00000|100%| E|CS|TAMS 0x00000000dfc00000| PB 0x00000000dfc00000| Complete 
| 509|0x00000000dfd00000, 0x00000000dfe00000, 0x00000000dfe00000|100%| E|CS|TAMS 0x00000000dfd00000| PB 0x00000000dfd00000| Complete 
| 510|0x00000000dfe00000, 0x00000000dff00000, 0x00000000dff00000|100%| E|CS|TAMS 0x00000000dfe00000| PB 0x00000000dfe00000| Complete 
| 511|0x00000000dff00000, 0x00000000e0000000, 0x00000000e0000000|100%| E|CS|TAMS 0x00000000dff00000| PB 0x00000000dff00000| Complete 
| 512|0x00000000e0000000, 0x00000000e0100000, 0x00000000e0100000|100%| E|CS|TAMS 0x00000000e0000000| PB 0x00000000e0000000| Complete 
| 513|0x00000000e0100000, 0x00000000e0200000, 0x00000000e0200000|100%| E|CS|TAMS 0x00000000e0100000| PB 0x00000000e0100000| Complete 
| 514|0x00000000e0200000, 0x00000000e0300000, 0x00000000e0300000|100%| E|CS|TAMS 0x00000000e0200000| PB 0x00000000e0200000| Complete 
| 515|0x00000000e0300000, 0x00000000e0400000, 0x00000000e0400000|100%| E|CS|TAMS 0x00000000e0300000| PB 0x00000000e0300000| Complete 
| 516|0x00000000e0400000, 0x00000000e0500000, 0x00000000e0500000|100%| E|CS|TAMS 0x00000000e0400000| PB 0x00000000e0400000| Complete 
| 517|0x00000000e0500000, 0x00000000e0600000, 0x00000000e0600000|100%| E|CS|TAMS 0x00000000e0500000| PB 0x00000000e0500000| Complete 
| 518|0x00000000e0600000, 0x00000000e0700000, 0x00000000e0700000|100%| E|CS|TAMS 0x00000000e0600000| PB 0x00000000e0600000| Complete 
| 519|0x00000000e0700000, 0x00000000e0800000, 0x00000000e0800000|100%| E|CS|TAMS 0x00000000e0700000| PB 0x00000000e0700000| Complete 
| 520|0x00000000e0800000, 0x00000000e0900000, 0x00000000e0900000|100%| E|CS|TAMS 0x00000000e0800000| PB 0x00000000e0800000| Complete 
| 521|0x00000000e0900000, 0x00000000e0a00000, 0x00000000e0a00000|100%| E|CS|TAMS 0x00000000e0900000| PB 0x00000000e0900000| Complete 
| 522|0x00000000e0a00000, 0x00000000e0b00000, 0x00000000e0b00000|100%| E|CS|TAMS 0x00000000e0a00000| PB 0x00000000e0a00000| Complete 
| 523|0x00000000e0b00000, 0x00000000e0c00000, 0x00000000e0c00000|100%| E|CS|TAMS 0x00000000e0b00000| PB 0x00000000e0b00000| Complete 
| 524|0x00000000e0c00000, 0x00000000e0d00000, 0x00000000e0d00000|100%| E|CS|TAMS 0x00000000e0c00000| PB 0x00000000e0c00000| Complete 
| 525|0x00000000e0d00000, 0x00000000e0e00000, 0x00000000e0e00000|100%| E|CS|TAMS 0x00000000e0d00000| PB 0x00000000e0d00000| Complete 
| 526|0x00000000e0e00000, 0x00000000e0f00000, 0x00000000e0f00000|100%| E|CS|TAMS 0x00000000e0e00000| PB 0x00000000e0e00000| Complete 
| 527|0x00000000e0f00000, 0x00000000e1000000, 0x00000000e1000000|100%| E|CS|TAMS 0x00000000e0f00000| PB 0x00000000e0f00000| Complete 
| 528|0x00000000e1000000, 0x00000000e1100000, 0x00000000e1100000|100%| E|CS|TAMS 0x00000000e1000000| PB 0x00000000e1000000| Complete 
| 529|0x00000000e1100000, 0x00000000e1200000, 0x00000000e1200000|100%| E|CS|TAMS 0x00000000e1100000| PB 0x00000000e1100000| Complete 
| 530|0x00000000e1200000, 0x00000000e1300000, 0x00000000e1300000|100%| E|CS|TAMS 0x00000000e1200000| PB 0x00000000e1200000| Complete 
| 531|0x00000000e1300000, 0x00000000e1400000, 0x00000000e1400000|100%| E|CS|TAMS 0x00000000e1300000| PB 0x00000000e1300000| Complete 
| 532|0x00000000e1400000, 0x00000000e1500000, 0x00000000e1500000|100%| E|CS|TAMS 0x00000000e1400000| PB 0x00000000e1400000| Complete 
| 533|0x00000000e1500000, 0x00000000e1600000, 0x00000000e1600000|100%| E|CS|TAMS 0x00000000e1500000| PB 0x00000000e1500000| Complete 
| 534|0x00000000e1600000, 0x00000000e1700000, 0x00000000e1700000|100%| E|CS|TAMS 0x00000000e1600000| PB 0x00000000e1600000| Complete 
| 535|0x00000000e1700000, 0x00000000e1800000, 0x00000000e1800000|100%| E|CS|TAMS 0x00000000e1700000| PB 0x00000000e1700000| Complete 
| 536|0x00000000e1800000, 0x00000000e1900000, 0x00000000e1900000|100%| E|CS|TAMS 0x00000000e1800000| PB 0x00000000e1800000| Complete 
| 537|0x00000000e1900000, 0x00000000e1a00000, 0x00000000e1a00000|100%| E|CS|TAMS 0x00000000e1900000| PB 0x00000000e1900000| Complete 
| 538|0x00000000e1a00000, 0x00000000e1b00000, 0x00000000e1b00000|100%| E|CS|TAMS 0x00000000e1a00000| PB 0x00000000e1a00000| Complete 
| 539|0x00000000e1b00000, 0x00000000e1c00000, 0x00000000e1c00000|100%| E|CS|TAMS 0x00000000e1b00000| PB 0x00000000e1b00000| Complete 
| 540|0x00000000e1c00000, 0x00000000e1d00000, 0x00000000e1d00000|100%| E|CS|TAMS 0x00000000e1c00000| PB 0x00000000e1c00000| Complete 
| 541|0x00000000e1d00000, 0x00000000e1e00000, 0x00000000e1e00000|100%| E|CS|TAMS 0x00000000e1d00000| PB 0x00000000e1d00000| Complete 
| 542|0x00000000e1e00000, 0x00000000e1f00000, 0x00000000e1f00000|100%| E|CS|TAMS 0x00000000e1e00000| PB 0x00000000e1e00000| Complete 
| 543|0x00000000e1f00000, 0x00000000e2000000, 0x00000000e2000000|100%| E|CS|TAMS 0x00000000e1f00000| PB 0x00000000e1f00000| Complete 
| 544|0x00000000e2000000, 0x00000000e2100000, 0x00000000e2100000|100%| E|CS|TAMS 0x00000000e2000000| PB 0x00000000e2000000| Complete 
| 545|0x00000000e2100000, 0x00000000e2200000, 0x00000000e2200000|100%| E|CS|TAMS 0x00000000e2100000| PB 0x00000000e2100000| Complete 
| 546|0x00000000e2200000, 0x00000000e2300000, 0x00000000e2300000|100%| E|CS|TAMS 0x00000000e2200000| PB 0x00000000e2200000| Complete 
| 547|0x00000000e2300000, 0x00000000e2400000, 0x00000000e2400000|100%| E|CS|TAMS 0x00000000e2300000| PB 0x00000000e2300000| Complete 
| 548|0x00000000e2400000, 0x00000000e2500000, 0x00000000e2500000|100%| E|CS|TAMS 0x00000000e2400000| PB 0x00000000e2400000| Complete 
| 549|0x00000000e2500000, 0x00000000e2600000, 0x00000000e2600000|100%| E|CS|TAMS 0x00000000e2500000| PB 0x00000000e2500000| Complete 
| 550|0x00000000e2600000, 0x00000000e2700000, 0x00000000e2700000|100%| E|CS|TAMS 0x00000000e2600000| PB 0x00000000e2600000| Complete 
| 551|0x00000000e2700000, 0x00000000e2800000, 0x00000000e2800000|100%| E|CS|TAMS 0x00000000e2700000| PB 0x00000000e2700000| Complete 
| 552|0x00000000e2800000, 0x00000000e2900000, 0x00000000e2900000|100%| E|CS|TAMS 0x00000000e2800000| PB 0x00000000e2800000| Complete 
| 553|0x00000000e2900000, 0x00000000e2a00000, 0x00000000e2a00000|100%| E|CS|TAMS 0x00000000e2900000| PB 0x00000000e2900000| Complete 
| 554|0x00000000e2a00000, 0x00000000e2b00000, 0x00000000e2b00000|100%| E|CS|TAMS 0x00000000e2a00000| PB 0x00000000e2a00000| Complete 
| 555|0x00000000e2b00000, 0x00000000e2c00000, 0x00000000e2c00000|100%| E|CS|TAMS 0x00000000e2b00000| PB 0x00000000e2b00000| Complete 
| 556|0x00000000e2c00000, 0x00000000e2d00000, 0x00000000e2d00000|100%| E|CS|TAMS 0x00000000e2c00000| PB 0x00000000e2c00000| Complete 
| 557|0x00000000e2d00000, 0x00000000e2e00000, 0x00000000e2e00000|100%| E|CS|TAMS 0x00000000e2d00000| PB 0x00000000e2d00000| Complete 
| 558|0x00000000e2e00000, 0x00000000e2f00000, 0x00000000e2f00000|100%| E|CS|TAMS 0x00000000e2e00000| PB 0x00000000e2e00000| Complete 
| 559|0x00000000e2f00000, 0x00000000e3000000, 0x00000000e3000000|100%| E|CS|TAMS 0x00000000e2f00000| PB 0x00000000e2f00000| Complete 
| 560|0x00000000e3000000, 0x00000000e3100000, 0x00000000e3100000|100%| E|CS|TAMS 0x00000000e3000000| PB 0x00000000e3000000| Complete 
| 561|0x00000000e3100000, 0x00000000e3200000, 0x00000000e3200000|100%| E|CS|TAMS 0x00000000e3100000| PB 0x00000000e3100000| Complete 
| 562|0x00000000e3200000, 0x00000000e3300000, 0x00000000e3300000|100%| E|CS|TAMS 0x00000000e3200000| PB 0x00000000e3200000| Complete 
| 563|0x00000000e3300000, 0x00000000e3400000, 0x00000000e3400000|100%| E|CS|TAMS 0x00000000e3300000| PB 0x00000000e3300000| Complete 
| 564|0x00000000e3400000, 0x00000000e3500000, 0x00000000e3500000|100%| E|CS|TAMS 0x00000000e3400000| PB 0x00000000e3400000| Complete 
| 565|0x00000000e3500000, 0x00000000e3600000, 0x00000000e3600000|100%| E|CS|TAMS 0x00000000e3500000| PB 0x00000000e3500000| Complete 
| 566|0x00000000e3600000, 0x00000000e3700000, 0x00000000e3700000|100%| E|CS|TAMS 0x00000000e3600000| PB 0x00000000e3600000| Complete 
| 567|0x00000000e3700000, 0x00000000e3800000, 0x00000000e3800000|100%| E|CS|TAMS 0x00000000e3700000| PB 0x00000000e3700000| Complete 
| 568|0x00000000e3800000, 0x00000000e3900000, 0x00000000e3900000|100%| E|CS|TAMS 0x00000000e3800000| PB 0x00000000e3800000| Complete 
| 569|0x00000000e3900000, 0x00000000e3a00000, 0x00000000e3a00000|100%| E|CS|TAMS 0x00000000e3900000| PB 0x00000000e3900000| Complete 
| 570|0x00000000e3a00000, 0x00000000e3b00000, 0x00000000e3b00000|100%| E|CS|TAMS 0x00000000e3a00000| PB 0x00000000e3a00000| Complete 
| 571|0x00000000e3b00000, 0x00000000e3c00000, 0x00000000e3c00000|100%| E|CS|TAMS 0x00000000e3b00000| PB 0x00000000e3b00000| Complete 
| 572|0x00000000e3c00000, 0x00000000e3d00000, 0x00000000e3d00000|100%| E|CS|TAMS 0x00000000e3c00000| PB 0x00000000e3c00000| Complete 
| 573|0x00000000e3d00000, 0x00000000e3e00000, 0x00000000e3e00000|100%| E|CS|TAMS 0x00000000e3d00000| PB 0x00000000e3d00000| Complete 
| 574|0x00000000e3e00000, 0x00000000e3f00000, 0x00000000e3f00000|100%| E|CS|TAMS 0x00000000e3e00000| PB 0x00000000e3e00000| Complete 
| 575|0x00000000e3f00000, 0x00000000e4000000, 0x00000000e4000000|100%| E|CS|TAMS 0x00000000e3f00000| PB 0x00000000e3f00000| Complete 
| 576|0x00000000e4000000, 0x00000000e4100000, 0x00000000e4100000|100%| E|CS|TAMS 0x00000000e4000000| PB 0x00000000e4000000| Complete 
| 577|0x00000000e4100000, 0x00000000e4200000, 0x00000000e4200000|100%| E|CS|TAMS 0x00000000e4100000| PB 0x00000000e4100000| Complete 
| 578|0x00000000e4200000, 0x00000000e4300000, 0x00000000e4300000|100%| E|CS|TAMS 0x00000000e4200000| PB 0x00000000e4200000| Complete 
| 579|0x00000000e4300000, 0x00000000e4400000, 0x00000000e4400000|100%| E|CS|TAMS 0x00000000e4300000| PB 0x00000000e4300000| Complete 
| 580|0x00000000e4400000, 0x00000000e4500000, 0x00000000e4500000|100%| E|CS|TAMS 0x00000000e4400000| PB 0x00000000e4400000| Complete 
| 581|0x00000000e4500000, 0x00000000e4600000, 0x00000000e4600000|100%| E|CS|TAMS 0x00000000e4500000| PB 0x00000000e4500000| Complete 
| 924|0x00000000f9c00000, 0x00000000f9d00000, 0x00000000f9d00000|100%| O|  |TAMS 0x00000000f9c00000| PB 0x00000000f9c00000| Untracked 
| 925|0x00000000f9d00000, 0x00000000f9e00000, 0x00000000f9e00000|100%| O|  |TAMS 0x00000000f9d00000| PB 0x00000000f9d00000| Untracked 
| 926|0x00000000f9e00000, 0x00000000f9f00000, 0x00000000f9f00000|100%| O|  |TAMS 0x00000000f9e00000| PB 0x00000000f9e00000| Untracked 
| 927|0x00000000f9f00000, 0x00000000fa000000, 0x00000000fa000000|100%| O|  |TAMS 0x00000000f9f00000| PB 0x00000000f9f00000| Untracked 
| 928|0x00000000fa000000, 0x00000000fa100000, 0x00000000fa100000|100%| O|  |TAMS 0x00000000fa000000| PB 0x00000000fa000000| Untracked 
| 929|0x00000000fa100000, 0x00000000fa200000, 0x00000000fa200000|100%| O|  |TAMS 0x00000000fa100000| PB 0x00000000fa100000| Untracked 
| 930|0x00000000fa200000, 0x00000000fa300000, 0x00000000fa300000|100%| O|  |TAMS 0x00000000fa200000| PB 0x00000000fa200000| Untracked 
| 931|0x00000000fa300000, 0x00000000fa400000, 0x00000000fa400000|100%| O|  |TAMS 0x00000000fa300000| PB 0x00000000fa300000| Untracked 
| 932|0x00000000fa400000, 0x00000000fa500000, 0x00000000fa500000|100%| O|  |TAMS 0x00000000fa400000| PB 0x00000000fa400000| Untracked 
| 933|0x00000000fa500000, 0x00000000fa600000, 0x00000000fa600000|100%| O|  |TAMS 0x00000000fa500000| PB 0x00000000fa500000| Untracked 
| 934|0x00000000fa600000, 0x00000000fa700000, 0x00000000fa700000|100%| O|  |TAMS 0x00000000fa600000| PB 0x00000000fa600000| Untracked 
| 935|0x00000000fa700000, 0x00000000fa800000, 0x00000000fa800000|100%| O|  |TAMS 0x00000000fa700000| PB 0x00000000fa700000| Untracked 
| 936|0x00000000fa800000, 0x00000000fa900000, 0x00000000fa900000|100%| O|  |TAMS 0x00000000fa800000| PB 0x00000000fa800000| Untracked 
| 937|0x00000000fa900000, 0x00000000faa00000, 0x00000000faa00000|100%| O|  |TAMS 0x00000000fa900000| PB 0x00000000fa900000| Untracked 
| 938|0x00000000faa00000, 0x00000000fab00000, 0x00000000fab00000|100%| O|  |TAMS 0x00000000faa00000| PB 0x00000000faa00000| Untracked 
| 939|0x00000000fab00000, 0x00000000fac00000, 0x00000000fac00000|100%| O|  |TAMS 0x00000000fab00000| PB 0x00000000fab00000| Untracked 
| 940|0x00000000fac00000, 0x00000000fad00000, 0x00000000fad00000|100%| O|  |TAMS 0x00000000fac00000| PB 0x00000000fac00000| Untracked 
| 941|0x00000000fad00000, 0x00000000fae00000, 0x00000000fae00000|100%| O|  |TAMS 0x00000000fad00000| PB 0x00000000fad00000| Untracked 
| 942|0x00000000fae00000, 0x00000000faf00000, 0x00000000faf00000|100%| O|  |TAMS 0x00000000fae00000| PB 0x00000000fae00000| Untracked 
| 943|0x00000000faf00000, 0x00000000fb000000, 0x00000000fb000000|100%| O|  |TAMS 0x00000000faf00000| PB 0x00000000faf00000| Untracked 
| 944|0x00000000fb000000, 0x00000000fb100000, 0x00000000fb100000|100%| O|  |TAMS 0x00000000fb000000| PB 0x00000000fb000000| Untracked 
| 945|0x00000000fb100000, 0x00000000fb200000, 0x00000000fb200000|100%| O|  |TAMS 0x00000000fb100000| PB 0x00000000fb100000| Untracked 
| 946|0x00000000fb200000, 0x00000000fb300000, 0x00000000fb300000|100%| O|  |TAMS 0x00000000fb200000| PB 0x00000000fb200000| Untracked 
| 947|0x00000000fb300000, 0x00000000fb400000, 0x00000000fb400000|100%| O|  |TAMS 0x00000000fb300000| PB 0x00000000fb300000| Untracked 
| 948|0x00000000fb400000, 0x00000000fb500000, 0x00000000fb500000|100%| O|  |TAMS 0x00000000fb400000| PB 0x00000000fb400000| Untracked 

Card table byte_map: [0x0000027a4ec50000,0x0000027a4ee50000] _byte_map_base: 0x0000027a4e650000

Marking Bits: (CMBitMap*) 0x0000027a2a207890
 Bits: [0x0000027a4ee50000, 0x0000027a4fe50000)

Polling page: 0x0000027a29480000

Metaspace:

Usage:
  Non-class:    337.15 MB used.
      Class:     46.79 MB used.
       Both:    383.94 MB used.

Virtual space:
  Non-class space:      384.00 MB reserved,     340.00 MB ( 89%) committed,  6 nodes.
      Class space:        1.00 GB reserved,      49.00 MB (  5%) committed,  1 nodes.
             Both:        1.38 GB reserved,     389.00 MB ( 28%) committed. 

Chunk freelists:
   Non-Class:  11.86 MB
       Class:  14.99 MB
        Both:  26.84 MB

MaxMetaspaceSize: unlimited
CompressedClassSpaceSize: 1.00 GB
Initial GC threshold: 21.00 MB
Current GC threshold: 648.25 MB
CDS: on
 - commit_granule_bytes: 65536.
 - commit_granule_words: 8192.
 - virtual_space_node_default_size: 8388608.
 - enlarge_chunks_in_place: 1.
 - use_allocation_guard: 0.


Internal statistics:

num_allocs_failed_limit: 12.
num_arena_births: 15734.
num_arena_deaths: 10080.
num_vsnodes_births: 7.
num_vsnodes_deaths: 0.
num_space_committed: 6223.
num_space_uncommitted: 4.
num_chunks_returned_to_freelist: 14615.
num_chunks_taken_from_freelist: 43218.
num_chunk_merges: 2786.
num_chunk_splits: 19513.
num_chunks_enlarged: 9660.
num_inconsistent_stats: 0.

CodeHeap 'non-profiled nmethods': size=259328Kb used=37005Kb max_used=47815Kb free=222322Kb
 bounds [0x0000027a3e490000, 0x0000027a41470000, 0x0000027a4e1d0000]
CodeHeap 'profiled nmethods': size=259264Kb used=48875Kb max_used=83464Kb free=210389Kb
 bounds [0x0000027a2e1d0000, 0x0000027a333a0000, 0x0000027a3df00000]
CodeHeap 'non-nmethods': size=5696Kb used=3292Kb max_used=3349Kb free=2404Kb
 bounds [0x0000027a3df00000, 0x0000027a3e260000, 0x0000027a3e490000]
CodeCache: size=524288Kb, used=89172Kb, max_used=134628Kb, free=435115Kb
 total_blobs=27047, nmethods=24730, adapters=2214, full_count=0
Compilation: enabled, stopped_count=0, restarted_count=0

Compilation events (20 events):
Event: 102590.256 Thread 0x0000027a99034a10 172473       2       java.util.TimSort::mergeLo (659 bytes)
Event: 102590.258 Thread 0x0000027a99034a10 nmethod 172473 0x0000027a303c6d10 code [0x0000027a303c7020, 0x0000027a303c89b0]
Event: 102590.258 Thread 0x0000027a99034a10 172474       2       java.lang.invoke.LambdaForm$MH/0x0000027a58101800::invoke (42 bytes)
Event: 102590.258 Thread 0x0000027a99034a10 nmethod 172474 0x0000027a2faae810 code [0x0000027a2faae9e0, 0x0000027a2faaecd8]
Event: 102590.258 Thread 0x0000027a99034a10 172475       2       java.lang.invoke.LambdaForm$MH/0x0000027a58100c00::invoke (42 bytes)
Event: 102590.259 Thread 0x0000027a99034a10 nmethod 172475 0x0000027a30854390 code [0x0000027a30854560, 0x0000027a30854858]
Event: 102590.259 Thread 0x0000027a99034a10 172478       2       java.lang.invoke.LambdaForm$MH/0x0000027a58101400::invoke (42 bytes)
Event: 102590.259 Thread 0x0000027a99034a10 nmethod 172478 0x0000027a30891990 code [0x0000027a30891b60, 0x0000027a30891e58]
Event: 102590.259 Thread 0x0000027a99034a10 172476       2       java.lang.invoke.LambdaForm$MH/0x0000027a580fdc00::invoke (42 bytes)
Event: 102590.259 Thread 0x0000027a99034a10 nmethod 172476 0x0000027a30d44590 code [0x0000027a30d44760, 0x0000027a30d44a58]
Event: 102590.259 Thread 0x0000027a99034a10 172477       2       java.lang.invoke.LambdaForm$MH/0x0000027a580e8000::invoke (42 bytes)
Event: 102590.260 Thread 0x0000027a99034a10 nmethod 172477 0x0000027a30def890 code [0x0000027a30defa60, 0x0000027a30defd58]
Event: 102590.269 Thread 0x0000027a99034a10 172481       1       kotlinx.coroutines.scheduling.DefaultIoScheduler::toString (3 bytes)
Event: 102590.269 Thread 0x0000027a99034a10 nmethod 172481 0x0000027a3f30e610 code [0x0000027a3f30e7a0, 0x0000027a3f30e870]
Event: 102590.272 Thread 0x0000027a99034a10 172482       2       kotlinx.coroutines.debug.internal.DebugProbesImpl::findIndexOfFrame (133 bytes)
Event: 102590.273 Thread 0x0000027a99034a10 nmethod 172482 0x0000027a2efe0990 code [0x0000027a2efe0ba0, 0x0000027a2efe0fd8]
Event: 102590.401 Thread 0x0000027a99034a10 172484       2       java.lang.StackTraceElement::of (39 bytes)
Event: 102590.401 Thread 0x0000027a99034a10 nmethod 172484 0x0000027a30f23810 code [0x0000027a30f239e0, 0x0000027a30f23d78]
Event: 102590.540 Thread 0x0000027a99034a10 172486       2       java.lang.invoke.LambdaForm$MH/0x0000027a58101c00::invoke (42 bytes)
Event: 102590.541 Thread 0x0000027a99034a10 nmethod 172486 0x0000027a3123c290 code [0x0000027a3123c460, 0x0000027a3123c758]

GC Heap History (20 events):
Event: 99804.860 GC heap after
{Heap after GC invocations=526 (full 36):
 garbage-first heap   total 621568K, used 321319K [0x00000000c0000000, 0x0000000100000000)
  region size 1024K, 8 young (8192K), 8 survivors (8192K)
 Metaspace       used 392873K, committed 398016K, reserved 1441792K
  class space    used 47877K, committed 50112K, reserved 1048576K
}
Event: 100104.983 GC heap before
{Heap before GC invocations=527 (full 36):
 garbage-first heap   total 621568K, used 588583K [0x00000000c0000000, 0x0000000100000000)
  region size 1024K, 269 young (275456K), 8 survivors (8192K)
 Metaspace       used 392848K, committed 398016K, reserved 1441792K
  class space    used 47871K, committed 50112K, reserved 1048576K
}
Event: 100105.018 GC heap after
{Heap after GC invocations=528 (full 36):
 garbage-first heap   total 621568K, used 321653K [0x00000000c0000000, 0x0000000100000000)
  region size 1024K, 8 young (8192K), 8 survivors (8192K)
 Metaspace       used 392848K, committed 398016K, reserved 1441792K
  class space    used 47871K, committed 50112K, reserved 1048576K
}
Event: 100404.956 GC heap before
{Heap before GC invocations=528 (full 36):
 garbage-first heap   total 621568K, used 588917K [0x00000000c0000000, 0x0000000100000000)
  region size 1024K, 269 young (275456K), 8 survivors (8192K)
 Metaspace       used 392861K, committed 398016K, reserved 1441792K
  class space    used 47872K, committed 50112K, reserved 1048576K
}
Event: 100404.972 GC heap after
{Heap after GC invocations=529 (full 36):
 garbage-first heap   total 621568K, used 320804K [0x00000000c0000000, 0x0000000100000000)
  region size 1024K, 9 young (9216K), 9 survivors (9216K)
 Metaspace       used 392861K, committed 398016K, reserved 1441792K
  class space    used 47872K, committed 50112K, reserved 1048576K
}
Event: 100704.913 GC heap before
{Heap before GC invocations=529 (full 36):
 garbage-first heap   total 621568K, used 587044K [0x00000000c0000000, 0x0000000100000000)
  region size 1024K, 270 young (276480K), 9 survivors (9216K)
 Metaspace       used 392881K, committed 398016K, reserved 1441792K
  class space    used 47875K, committed 50112K, reserved 1048576K
}
Event: 100704.926 GC heap after
{Heap after GC invocations=530 (full 36):
 garbage-first heap   total 621568K, used 320519K [0x00000000c0000000, 0x0000000100000000)
  region size 1024K, 8 young (8192K), 8 survivors (8192K)
 Metaspace       used 392881K, committed 398016K, reserved 1441792K
  class space    used 47875K, committed 50112K, reserved 1048576K
}
Event: 101005.968 GC heap before
{Heap before GC invocations=531 (full 36):
 garbage-first heap   total 621568K, used 587783K [0x00000000c0000000, 0x0000000100000000)
  region size 1024K, 270 young (276480K), 8 survivors (8192K)
 Metaspace       used 392916K, committed 398080K, reserved 1441792K
  class space    used 47876K, committed 50112K, reserved 1048576K
}
Event: 101006.079 GC heap after
{Heap after GC invocations=532 (full 36):
 garbage-first heap   total 621568K, used 324219K [0x00000000c0000000, 0x0000000100000000)
  region size 1024K, 12 young (12288K), 12 survivors (12288K)
 Metaspace       used 392916K, committed 398080K, reserved 1441792K
  class space    used 47876K, committed 50112K, reserved 1048576K
}
Event: 101308.954 GC heap before
{Heap before GC invocations=532 (full 36):
 garbage-first heap   total 621568K, used 587387K [0x00000000c0000000, 0x0000000100000000)
  region size 1024K, 270 young (276480K), 12 survivors (12288K)
 Metaspace       used 392945K, committed 398080K, reserved 1441792K
  class space    used 47880K, committed 50112K, reserved 1048576K
}
Event: 101309.385 GC heap after
{Heap after GC invocations=533 (full 36):
 garbage-first heap   total 621568K, used 320314K [0x00000000c0000000, 0x0000000100000000)
  region size 1024K, 8 young (8192K), 8 survivors (8192K)
 Metaspace       used 392945K, committed 398080K, reserved 1441792K
  class space    used 47880K, committed 50112K, reserved 1048576K
}
Event: 101663.710 GC heap before
{Heap before GC invocations=533 (full 36):
 garbage-first heap   total 621568K, used 588602K [0x00000000c0000000, 0x0000000100000000)
  region size 1024K, 270 young (276480K), 8 survivors (8192K)
 Metaspace       used 392952K, committed 398080K, reserved 1441792K
  class space    used 47882K, committed 50112K, reserved 1048576K
}
Event: 101664.074 GC heap after
{Heap after GC invocations=534 (full 36):
 garbage-first heap   total 621568K, used 320334K [0x00000000c0000000, 0x0000000100000000)
  region size 1024K, 8 young (8192K), 8 survivors (8192K)
 Metaspace       used 392952K, committed 398080K, reserved 1441792K
  class space    used 47882K, committed 50112K, reserved 1048576K
}
Event: 102201.424 GC heap before
{Heap before GC invocations=535 (full 36):
 garbage-first heap   total 621568K, used 588622K [0x00000000c0000000, 0x0000000100000000)
  region size 1024K, 270 young (276480K), 8 survivors (8192K)
 Metaspace       used 392943K, committed 398080K, reserved 1441792K
  class space    used 47880K, committed 50112K, reserved 1048576K
}
Event: 102201.440 GC heap after
{Heap after GC invocations=536 (full 36):
 garbage-first heap   total 621568K, used 319706K [0x00000000c0000000, 0x0000000100000000)
  region size 1024K, 8 young (8192K), 8 survivors (8192K)
 Metaspace       used 392943K, committed 398080K, reserved 1441792K
  class space    used 47880K, committed 50112K, reserved 1048576K
}
Event: 102505.070 GC heap before
{Heap before GC invocations=536 (full 36):
 garbage-first heap   total 621568K, used 587994K [0x00000000c0000000, 0x0000000100000000)
  region size 1024K, 270 young (276480K), 8 survivors (8192K)
 Metaspace       used 392955K, committed 398080K, reserved 1441792K
  class space    used 47882K, committed 50112K, reserved 1048576K
}
Event: 102505.092 GC heap after
{Heap after GC invocations=537 (full 36):
 garbage-first heap   total 621568K, used 319458K [0x00000000c0000000, 0x0000000100000000)
  region size 1024K, 8 young (8192K), 8 survivors (8192K)
 Metaspace       used 392955K, committed 398080K, reserved 1441792K
  class space    used 47882K, committed 50112K, reserved 1048576K
}
Event: 102588.424 GC heap before
{Heap before GC invocations=537 (full 36):
 garbage-first heap   total 621568K, used 471010K [0x00000000c0000000, 0x0000000100000000)
  region size 1024K, 157 young (160768K), 8 survivors (8192K)
 Metaspace       used 393063K, committed 398208K, reserved 1441792K
  class space    used 47897K, committed 50112K, reserved 1048576K
}
Event: 102588.434 GC heap after
{Heap after GC invocations=538 (full 36):
 garbage-first heap   total 621568K, used 321676K [0x00000000c0000000, 0x0000000100000000)
  region size 1024K, 10 young (10240K), 10 survivors (10240K)
 Metaspace       used 393063K, committed 398208K, reserved 1441792K
  class space    used 47897K, committed 50112K, reserved 1048576K
}
Event: 102590.550 GC heap before
{Heap before GC invocations=539 (full 36):
 garbage-first heap   total 621568K, used 619660K [0x00000000c0000000, 0x0000000100000000)
  region size 1024K, 214 young (219136K), 10 survivors (10240K)
 Metaspace       used 393153K, committed 398336K, reserved 1441792K
  class space    used 47914K, committed 50176K, reserved 1048576K
}

Dll operation events (3 events):
Event: 0.458 Loaded shared library C:\Program Files\JetBrains\PyCharm 2025.3.1.1\jbr\bin\java.dll
Event: 0.488 Loaded shared library C:\Program Files\JetBrains\PyCharm 2025.3.1.1\jbr\bin\zip.dll
Event: 4.435 Loaded shared library C:\Program Files\JetBrains\PyCharm 2025.3.1.1\jbr\bin\verify.dll

Deoptimization events (20 events):
Event: 102589.839 Thread 0x0000027b223a60e0 DEOPT PACKING pc=0x0000027a311aad5c sp=0x000000ffd6efe200
Event: 102589.839 Thread 0x0000027b223a60e0 DEOPT UNPACKING pc=0x0000027a3df54bc2 sp=0x000000ffd6efd700 mode 0
Event: 102589.850 Thread 0x0000027b223a60e0 DEOPT PACKING pc=0x0000027a311aad5c sp=0x000000ffd6efe0e0
Event: 102589.850 Thread 0x0000027b223a60e0 DEOPT UNPACKING pc=0x0000027a3df54bc2 sp=0x000000ffd6efd5e0 mode 0
Event: 102589.958 Thread 0x0000027b022136b0 Uncommon trap: trap_request=0xffffffd6 fr.pc=0x0000027a3f56d3dc relative=0x000000000000169c
Event: 102589.958 Thread 0x0000027b022136b0 Uncommon trap: reason=array_check action=maybe_recompile pc=0x0000027a3f56d3dc method=java.util.TimSort.mergeLo(IIII)V @ 212 c2
Event: 102589.958 Thread 0x0000027b022136b0 DEOPT PACKING pc=0x0000027a3f56d3dc sp=0x000000ffd94ff280
Event: 102589.959 Thread 0x0000027b022136b0 DEOPT UNPACKING pc=0x0000027a3df54422 sp=0x000000ffd94ff240 mode 2
Event: 102590.113 Thread 0x0000027b022136b0 Uncommon trap: trap_request=0xffffff76 fr.pc=0x0000027a3f95c1d8 relative=0x0000000000001c18
Event: 102590.113 Thread 0x0000027b022136b0 Uncommon trap: reason=predicate action=maybe_recompile pc=0x0000027a3f95c1d8 method=java.util.TimSort.mergeLo(IIII)V @ 270 c2
Event: 102590.113 Thread 0x0000027b022136b0 DEOPT PACKING pc=0x0000027a3f95c1d8 sp=0x000000ffd94ff250
Event: 102590.114 Thread 0x0000027b022136b0 DEOPT UNPACKING pc=0x0000027a3df54422 sp=0x000000ffd94ff238 mode 2
Event: 102590.254 Thread 0x0000027b022136b0 Uncommon trap: trap_request=0xffffffd6 fr.pc=0x0000027a3ef5d658 relative=0x0000000000001a18
Event: 102590.254 Thread 0x0000027b022136b0 Uncommon trap: reason=array_check action=maybe_recompile pc=0x0000027a3ef5d658 method=java.util.TimSort.mergeLo(IIII)V @ 375 c2
Event: 102590.254 Thread 0x0000027b022136b0 DEOPT PACKING pc=0x0000027a3ef5d658 sp=0x000000ffd94ff250
Event: 102590.255 Thread 0x0000027b022136b0 DEOPT UNPACKING pc=0x0000027a3df54422 sp=0x000000ffd94ff230 mode 2
Event: 102590.255 Thread 0x0000027b022136b0 Uncommon trap: trap_request=0xffffffd6 fr.pc=0x0000027a3ef5d658 relative=0x0000000000001a18
Event: 102590.255 Thread 0x0000027b022136b0 Uncommon trap: reason=array_check action=maybe_recompile pc=0x0000027a3ef5d658 method=java.util.TimSort.mergeLo(IIII)V @ 375 c2
Event: 102590.255 Thread 0x0000027b022136b0 DEOPT PACKING pc=0x0000027a3ef5d658 sp=0x000000ffd94ff250
Event: 102590.255 Thread 0x0000027b022136b0 DEOPT UNPACKING pc=0x0000027a3df54422 sp=0x000000ffd94ff230 mode 2

Classes loaded (20 events):
Event: 102588.006 Loading class com/intellij/diagnostic/opentelemetry/OTelMetricsFreezeProfiler
Event: 102588.006 Loading class com/intellij/diagnostic/opentelemetry/OTelMetricsFreezeProfiler done
Event: 102588.035 Loading class com/intellij/diagnostic/SamplingTask$dumpThreads$2
Event: 102588.035 Loading class com/intellij/diagnostic/SamplingTask$dumpThreads$2 done
Event: 102588.297 Loading class com/intellij/diagnostic/CoroutineTraceStripKt
Event: 102588.297 Loading class com/intellij/diagnostic/CoroutineTraceStripKt done
Event: 102588.324 Loading class kotlin/jvm/functions/Function1
Event: 102588.324 Loading class kotlin/jvm/functions/Function1 done
Event: 102588.324 Loading class com/intellij/diagnostic/StackframeShrinkVerdict
Event: 102588.324 Loading class com/intellij/diagnostic/StackframeShrinkVerdict done
Event: 102588.325 Loading class com/intellij/diagnostic/StackframeShrinkVerdict
Event: 102588.325 Loading class com/intellij/diagnostic/StackframeShrinkVerdict done
Event: 102588.331 Loading class com/intellij/diagnostic/StackframeShrinkVerdict
Event: 102588.331 Loading class com/intellij/diagnostic/StackframeShrinkVerdict done
Event: 102588.332 Loading class kotlin/jvm/functions/Function1
Event: 102588.332 Loading class kotlin/jvm/functions/Function1 done
Event: 102588.332 Loading class com/intellij/diagnostic/StackframeShrinkVerdict
Event: 102588.332 Loading class com/intellij/diagnostic/StackframeShrinkVerdict done
Event: 102588.485 Loading class com/intellij/diagnostic/EventCountDumper
Event: 102588.485 Loading class com/intellij/diagnostic/EventCountDumper done

Classes unloaded (20 events):
Event: 99805.161 Thread 0x0000027a526a33d0 Unloading class 0x0000027a580f7800 'java/lang/invoke/LambdaForm$MH+0x0000027a580f7800'
Event: 100705.297 Thread 0x0000027a526a33d0 Unloading class 0x0000027a580e1400 'java/lang/invoke/LambdaForm$MH+0x0000027a580e1400'
Event: 100705.297 Thread 0x0000027a526a33d0 Unloading class 0x0000027a580e1000 'java/lang/invoke/LambdaForm$MH+0x0000027a580e1000'
Event: 100705.297 Thread 0x0000027a526a33d0 Unloading class 0x0000027a58029400 'java/lang/invoke/LambdaForm$MH+0x0000027a58029400'
Event: 100705.297 Thread 0x0000027a526a33d0 Unloading class 0x0000027a58029000 'java/lang/invoke/LambdaForm$MH+0x0000027a58029000'
Event: 100705.297 Thread 0x0000027a526a33d0 Unloading class 0x0000027a580fbc00 'java/lang/invoke/LambdaForm$MH+0x0000027a580fbc00'
Event: 100705.297 Thread 0x0000027a526a33d0 Unloading class 0x0000027a580fb800 'java/lang/invoke/LambdaForm$MH+0x0000027a580fb800'
Event: 100705.297 Thread 0x0000027a526a33d0 Unloading class 0x0000027a580fc400 'java/lang/invoke/LambdaForm$MH+0x0000027a580fc400'
Event: 100705.297 Thread 0x0000027a526a33d0 Unloading class 0x0000027a580fc000 'java/lang/invoke/LambdaForm$MH+0x0000027a580fc000'
Event: 100705.297 Thread 0x0000027a526a33d0 Unloading class 0x0000027a57f25c00 'java/lang/invoke/LambdaForm$MH+0x0000027a57f25c00'
Event: 100705.297 Thread 0x0000027a526a33d0 Unloading class 0x0000027a57f25800 'java/lang/invoke/LambdaForm$MH+0x0000027a57f25800'
Event: 100705.297 Thread 0x0000027a526a33d0 Unloading class 0x0000027a57f49400 'java/lang/invoke/LambdaForm$MH+0x0000027a57f49400'
Event: 100705.297 Thread 0x0000027a526a33d0 Unloading class 0x0000027a57f49000 'java/lang/invoke/LambdaForm$MH+0x0000027a57f49000'
Event: 100705.297 Thread 0x0000027a526a33d0 Unloading class 0x0000027a580fd800 'java/lang/invoke/LambdaForm$MH+0x0000027a580fd800'
Event: 101667.348 Thread 0x0000027a526a33d0 Unloading class 0x0000027a580e8800 'java/lang/invoke/LambdaForm$MH+0x0000027a580e8800'
Event: 101667.349 Thread 0x0000027a526a33d0 Unloading class 0x0000027a580fc800 'java/lang/invoke/LambdaForm$MH+0x0000027a580fc800'
Event: 101667.351 Thread 0x0000027a526a33d0 Unloading class 0x0000027a580fd400 'java/lang/invoke/LambdaForm$MH+0x0000027a580fd400'
Event: 101667.351 Thread 0x0000027a526a33d0 Unloading class 0x0000027a57b48400 'java/lang/invoke/LambdaForm$MH+0x0000027a57b48400'
Event: 102588.746 Thread 0x0000027a526a33d0 Unloading class 0x0000027a580fdc00 'java/lang/invoke/LambdaForm$MH+0x0000027a580fdc00'
Event: 102588.746 Thread 0x0000027a526a33d0 Unloading class 0x0000027a580e8000 'java/lang/invoke/LambdaForm$MH+0x0000027a580e8000'

Classes redefined (4 events):
Event: 4.186 Thread 0x0000027a526a33d0 redefined class name=java.math.BigInteger, count=1
Event: 4.200 Thread 0x0000027a526a33d0 redefined class name=java.net.InetAddress, count=1
Event: 4.207 Thread 0x0000027a526a33d0 redefined class name=sun.management.VMManagementImpl, count=1
Event: 4.228 Thread 0x0000027a526a33d0 redefined class name=java.lang.Class, count=1

Internal exceptions (20 events):
Event: 102577.420 Thread 0x0000027b25b2fe00 Exception <a 'sun/nio/fs/WindowsException'{0x00000000dcf70f40}> (0x00000000dcf70f40) 
thrown [s\src\hotspot\share\prims\jni.cpp, line 537]
Event: 102577.420 Thread 0x0000027a02fab650 Exception <a 'java/net/ConnectException'{0x00000000dcee1258}: Connection refused: connect> (0x00000000dcee1258) 
thrown [s\src\hotspot\share\prims\jni.cpp, line 572]
Event: 102577.420 Thread 0x0000027af82cf4a0 Exception <a 'java/net/ConnectException'{0x00000000dcedf280}: Connection refused: connect> (0x00000000dcedf280) 
thrown [s\src\hotspot\share\prims\jni.cpp, line 572]
Event: 102582.433 Thread 0x0000027b223a60e0 Exception <a 'sun/nio/fs/WindowsException'{0x00000000dcd87bf8}> (0x00000000dcd87bf8) 
thrown [s\src\hotspot\share\prims\jni.cpp, line 537]
Event: 102582.433 Thread 0x0000027b25b2fe00 Exception <a 'sun/nio/fs/WindowsException'{0x00000000dcd95b70}> (0x00000000dcd95b70) 
thrown [s\src\hotspot\share\prims\jni.cpp, line 537]
Event: 102582.433 Thread 0x0000027af82cf4a0 Exception <a 'java/net/ConnectException'{0x00000000dcdab878}: Connection refused: connect> (0x00000000dcdab878) 
thrown [s\src\hotspot\share\prims\jni.cpp, line 572]
Event: 102582.433 Thread 0x0000027a02fab650 Exception <a 'java/net/ConnectException'{0x00000000dcdad780}: Connection refused: connect> (0x00000000dcdad780) 
thrown [s\src\hotspot\share\prims\jni.cpp, line 572]
Event: 102582.637 Thread 0x0000027b267b0ad0 Exception <a 'java/io/IOException'{0x00000000dcd34660}> (0x00000000dcd34660) 
thrown [s\src\hotspot\share\prims\jni.cpp, line 537]
Event: 102582.637 Thread 0x0000027b267b0ad0 Exception <a 'java/io/IOException'{0x00000000dcd34988}> (0x00000000dcd34988) 
thrown [s\src\hotspot\share\prims\jni.cpp, line 537]
Event: 102582.661 Thread 0x0000027b267b0ad0 Exception <a 'java/io/IOException'{0x00000000dcd35e20}> (0x00000000dcd35e20) 
thrown [s\src\hotspot\share\prims\jni.cpp, line 537]
Event: 102582.661 Thread 0x0000027b267b0ad0 Exception <a 'java/io/IOException'{0x00000000dcd36148}> (0x00000000dcd36148) 
thrown [s\src\hotspot\share\prims\jni.cpp, line 537]
Event: 102582.662 Thread 0x0000027b267b0ad0 Exception <a 'java/io/IOException'{0x00000000dcd377d8}> (0x00000000dcd377d8) 
thrown [s\src\hotspot\share\prims\jni.cpp, line 537]
Event: 102582.662 Thread 0x0000027b267b0ad0 Exception <a 'java/io/IOException'{0x00000000dcd37b00}> (0x00000000dcd37b00) 
thrown [s\src\hotspot\share\prims\jni.cpp, line 537]
Event: 102582.674 Thread 0x0000027abeadd310 Exception <a 'java/lang/ArrayIndexOutOfBoundsException'{0x00000000dced1730}: Index 3289 out of bounds for length 3072> (0x00000000dced1730) 
thrown [s\src\hotspot\share\interpreter\interpreterRuntime.cpp, line 439]
Event: 102587.437 Thread 0x0000027b223a60e0 Exception <a 'sun/nio/fs/WindowsException'{0x00000000dcc060f0}> (0x00000000dcc060f0) 
thrown [s\src\hotspot\share\prims\jni.cpp, line 537]
Event: 102587.437 Thread 0x0000027b075214d0 Exception <a 'sun/nio/fs/WindowsException'{0x00000000dd88af80}> (0x00000000dd88af80) 
thrown [s\src\hotspot\share\prims\jni.cpp, line 537]
Event: 102587.437 Thread 0x0000027af82cf4a0 Exception <a 'java/net/ConnectException'{0x00000000dcc0c448}: Connection refused: connect> (0x00000000dcc0c448) 
thrown [s\src\hotspot\share\prims\jni.cpp, line 572]
Event: 102587.438 Thread 0x0000027a02fab650 Exception <a 'java/net/ConnectException'{0x00000000dcc0e368}: Connection refused: connect> (0x00000000dcc0e368) 
thrown [s\src\hotspot\share\prims\jni.cpp, line 572]
Event: 102587.737 Thread 0x0000027abeadd310 Exception <a 'java/lang/ArrayIndexOutOfBoundsException'{0x00000000dcdbcb70}: Index 3350 out of bounds for length 3328> (0x00000000dcdbcb70) 
thrown [s\src\hotspot\share\interpreter\interpreterRuntime.cpp, line 439]
Event: 102588.529 Thread 0x0000027b229b7060 Exception <a 'java/lang/NoSuchMethodError'{0x00000000e414b460}: 'java.lang.Object java.lang.invoke.DirectMethodHandle$Holder.invokeSpecial(java.lang.Object, java.lang.Object, java.lang.Object, long, long, long)'> (0x00000000e414b460) 
thrown [s\src\hotspot\share\interpreter\linkResolver.cpp, line 784]

ZGC Phase Switch (0 events):
No events

VM Operations (20 events):
Event: 102588.669 Executing VM operation: ThreadDump done
Event: 102588.724 Executing VM operation: G1PauseRemark
Event: 102589.448 Executing VM operation: G1PauseRemark done
Event: 102589.610 Executing VM operation: ThreadDump
Event: 102589.629 Executing VM operation: ThreadDump done
Event: 102589.701 Executing VM operation: G1PauseCleanup
Event: 102589.703 Executing VM operation: G1PauseCleanup done
Event: 102589.798 Executing VM operation: ThreadDump
Event: 102589.799 Executing VM operation: ThreadDump done
Event: 102589.956 Executing VM operation: ThreadDump
Event: 102589.957 Executing VM operation: ThreadDump done
Event: 102590.111 Executing VM operation: ThreadDump
Event: 102590.111 Executing VM operation: ThreadDump done
Event: 102590.252 Executing VM operation: ThreadDump
Event: 102590.253 Executing VM operation: ThreadDump done
Event: 102590.393 Executing VM operation: ThreadDump
Event: 102590.394 Executing VM operation: ThreadDump done
Event: 102590.535 Executing VM operation: ThreadDump
Event: 102590.536 Executing VM operation: ThreadDump done
Event: 102590.550 Executing VM operation: G1CollectForAllocation (G1 Evacuation Pause)

Memory protections (0 events):
No events

Nmethod flushes (20 events):
Event: 102589.432 Thread 0x0000027a526a33d0 flushing  nmethod 0x0000027a2fd83a90
Event: 102589.432 Thread 0x0000027a526a33d0 flushing  nmethod 0x0000027a3222c890
Event: 102589.433 Thread 0x0000027a526a33d0 flushing  nmethod 0x0000027a3e9cf310
Event: 102589.433 Thread 0x0000027a526a33d0 flushing  nmethod 0x0000027a2e314b10
Event: 102589.433 Thread 0x0000027a526a33d0 flushing  nmethod 0x0000027a2ec30b90
Event: 102589.433 Thread 0x0000027a526a33d0 flushing  nmethod 0x0000027a2ec91f10
Event: 102589.433 Thread 0x0000027a526a33d0 flushing  nmethod 0x0000027a31caf910
Event: 102589.433 Thread 0x0000027a526a33d0 flushing  nmethod 0x0000027a323d2310
Event: 102589.434 Thread 0x0000027a526a33d0 flushing  nmethod 0x0000027a2efb7d90
Event: 102589.434 Thread 0x0000027a526a33d0 flushing  nmethod 0x0000027a2f692110
Event: 102589.434 Thread 0x0000027a526a33d0 flushing  nmethod 0x0000027a30580010
Event: 102589.434 Thread 0x0000027a526a33d0 flushing  nmethod 0x0000027a30c25710
Event: 102589.434 Thread 0x0000027a526a33d0 flushing  nmethod 0x0000027a3259ca10
Event: 102589.434 Thread 0x0000027a526a33d0 flushing  nmethod 0x0000027a407db090
Event: 102589.435 Thread 0x0000027a526a33d0 flushing  nmethod 0x0000027a2e7e7590
Event: 102589.435 Thread 0x0000027a526a33d0 flushing  nmethod 0x0000027a2e7e7b10
Event: 102589.435 Thread 0x0000027a526a33d0 flushing  nmethod 0x0000027a2efe0990
Event: 102589.435 Thread 0x0000027a526a33d0 flushing  nmethod 0x0000027a2f819d90
Event: 102589.436 Thread 0x0000027a526a33d0 flushing  nmethod 0x0000027a31f23410
Event: 102589.437 Thread 0x0000027a526a33d0 flushing  nmethod 0x0000027a32360090

Events (20 events):
Event: 101645.154 Thread 0x0000027b1a8d99e0 Thread added: 0x0000027b197f3ea0
Event: 101645.160 Thread 0x0000027b223a60e0 Thread added: 0x0000027b09d16110
Event: 101645.207 Thread 0x0000027b1a8d99e0 Thread added: 0x0000027b197f4bc0
Event: 101664.086 Thread 0x0000027ad50eee10 Thread added: 0x0000027b223a53c0
Event: 101670.792 Thread 0x0000027ad50eee10 Thread added: 0x0000027b223a6e00
Event: 101730.801 Thread 0x0000027b223a53c0 Thread exited: 0x0000027b223a53c0
Event: 101731.811 Thread 0x0000027b1a8db420 Thread exited: 0x0000027b1a8db420
Event: 101731.826 Thread 0x0000027b09d16110 Thread exited: 0x0000027b09d16110
Event: 101731.827 Thread 0x0000027b25dd5810 Thread exited: 0x0000027b25dd5810
Event: 101761.849 Thread 0x0000027b25b2f770 Thread exited: 0x0000027b25b2f770
Event: 101761.849 Thread 0x0000027b216142e0 Thread exited: 0x0000027b216142e0
Event: 102158.810 Thread 0x0000027abeadd310 Thread added: 0x0000027b25dd7f70
Event: 102164.272 Thread 0x0000027b25dd7f70 Thread exited: 0x0000027b25dd7f70
Event: 102246.513 Thread 0x0000027b09d0fea0 Thread added: 0x0000027b227c13f0
Event: 102246.513 Thread 0x0000027b197f4bc0 Thread added: 0x0000027b1a8da070
Event: 102246.513 Thread 0x0000027b197f4bc0 Thread added: 0x0000027b1a8da700
Event: 102246.516 Thread 0x0000027b1a8da070 Thread added: 0x0000027b229b76f0
Event: 102388.199 Thread 0x0000027b09d10530 Thread exited: 0x0000027b09d10530
Event: 102482.399 Thread 0x0000027b25dd7250 Thread exited: 0x0000027b25dd7250
Event: 102589.449 Thread 0x0000027ad50eee10 Thread added: 0x0000027b09d10530


Dynamic libraries:
0x00007ff6b44e0000 - 0x00007ff6b4653000 	C:\Program Files\JetBrains\PyCharm 2025.3.1.1\bin\pycharm64.exe
0x00007fff43ac0000 - 0x00007fff43d27000 	C:\WINDOWS\SYSTEM32\ntdll.dll
0x00007fff43710000 - 0x00007fff437d9000 	C:\WINDOWS\System32\KERNEL32.DLL
0x00007fff41430000 - 0x00007fff41821000 	C:\WINDOWS\System32\KERNELBASE.dll
0x00007fff425e0000 - 0x00007fff426b7000 	C:\WINDOWS\System32\oleaut32.dll
0x00007fff404f0000 - 0x00007fff40593000 	C:\WINDOWS\System32\msvcp_win.dll
0x00007fff411b0000 - 0x00007fff412fb000 	C:\WINDOWS\System32\ucrtbase.dll
0x00007fff41a80000 - 0x00007fff41e02000 	C:\WINDOWS\System32\combase.dll
0x00007fff41960000 - 0x00007fff41a78000 	C:\WINDOWS\System32\RPCRT4.dll
0x00007fff42b70000 - 0x00007fff42d35000 	C:\WINDOWS\System32\user32.dll
0x00007fff41830000 - 0x00007fff41857000 	C:\WINDOWS\System32\win32u.dll
0x00007fff42b40000 - 0x00007fff42b6b000 	C:\WINDOWS\System32\GDI32.dll
0x00007fff41300000 - 0x00007fff4142b000 	C:\WINDOWS\System32\gdi32full.dll
0x00007fff42d40000 - 0x00007fff4349f000 	C:\WINDOWS\System32\shell32.dll
0x00007fff40e10000 - 0x00007fff40f7a000 	C:\WINDOWS\System32\wintypes.dll
0x00007fff42a80000 - 0x00007fff42b3b000 	C:\WINDOWS\System32\advapi32.dll
0x00007fff3f750000 - 0x00007fff3f782000 	C:\WINDOWS\SYSTEM32\userenv.dll
0x00007fff42870000 - 0x00007fff42919000 	C:\WINDOWS\System32\msvcrt.dll
0x00007fff427c0000 - 0x00007fff42867000 	C:\WINDOWS\System32\sechost.dll
0x00007fff41100000 - 0x00007fff411a5000 	C:\WINDOWS\System32\bcryptprimitives.dll
0x00007fff37310000 - 0x00007fff37345000 	C:\WINDOWS\SYSTEM32\WINMM.dll
0x00007fff3df80000 - 0x00007fff3e1c2000 	C:\WINDOWS\SYSTEM32\dbghelp.dll
0x00007fff434b0000 - 0x00007fff434e1000 	C:\WINDOWS\System32\IMM32.DLL
0x00007fff405a0000 - 0x00007fff40e04000 	C:\WINDOWS\System32\windows.storage.dll
0x00007fff41860000 - 0x00007fff41957000 	C:\WINDOWS\System32\SHCORE.dll
0x00007fff426c0000 - 0x00007fff42727000 	C:\WINDOWS\System32\shlwapi.dll
0x00007fff402c0000 - 0x00007fff402e9000 	C:\WINDOWS\SYSTEM32\profapi.dll
0x00007fff3f250000 - 0x00007fff3f286000 	C:\WINDOWS\SYSTEM32\ntmarta.dll
0x00007ffe6e4c0000 - 0x00007ffe6f28d000 	C:\Program Files\JetBrains\PyCharm 2025.3.1.1\jbr\bin\server\jvm.dll
0x00007fff43840000 - 0x00007fff438b4000 	C:\WINDOWS\System32\WS2_32.dll
0x00007fff40220000 - 0x00007fff4027e000 	C:\WINDOWS\SYSTEM32\POWRPROF.dll
0x00007fff3b4d0000 - 0x00007fff3b4dc000 	C:\Program Files\JetBrains\PyCharm 2025.3.1.1\jbr\bin\VCRUNTIME140_1.dll
0x00007fff37fc0000 - 0x00007fff37fcb000 	C:\WINDOWS\SYSTEM32\VERSION.dll
0x00007fff375c0000 - 0x00007fff375db000 	C:\Program Files\JetBrains\PyCharm 2025.3.1.1\jbr\bin\VCRUNTIME140.dll
0x00007fff40200000 - 0x00007fff40214000 	C:\WINDOWS\SYSTEM32\UMPDC.dll
0x00007fff3b460000 - 0x00007fff3b46a000 	C:\Program Files\JetBrains\PyCharm 2025.3.1.1\jbr\bin\jimage.dll
0x00007fff27ec0000 - 0x00007fff27efb000 	C:\WINDOWS\SYSTEM32\dbgcore.DLL
0x00007fff3b430000 - 0x00007fff3b43e000 	C:\Program Files\JetBrains\PyCharm 2025.3.1.1\jbr\bin\instrument.dll
0x00007fff30fe0000 - 0x00007fff30ff8000 	C:\Program Files\JetBrains\PyCharm 2025.3.1.1\jbr\bin\jli.dll
0x00007fff29de0000 - 0x00007fff29e94000 	C:\WINDOWS\WinSxS\amd64_microsoft.windows.common-controls_6595b64144ccf1df_5.82.26100.8037_none_87ebc5097a2f9e52\COMCTL32.dll
0x00007fff30270000 - 0x00007fff30290000 	C:\Program Files\JetBrains\PyCharm 2025.3.1.1\jbr\bin\java.dll
0x00007fff2dd10000 - 0x00007fff2dd28000 	C:\Program Files\JetBrains\PyCharm 2025.3.1.1\jbr\bin\zip.dll
0x00007fff3f130000 - 0x00007fff3f14b000 	C:\WINDOWS\SYSTEM32\kernel.appcore.dll
0x00007fff31ea0000 - 0x00007fff31eb0000 	C:\Program Files\JetBrains\PyCharm 2025.3.1.1\jbr\bin\net.dll
0x00007fff39b40000 - 0x00007fff39c67000 	C:\WINDOWS\SYSTEM32\WINHTTP.dll
0x00007fff3f6a0000 - 0x00007fff3f70b000 	C:\WINDOWS\system32\mswsock.dll
0x00007fff13f00000 - 0x00007fff13f16000 	C:\Program Files\JetBrains\PyCharm 2025.3.1.1\jbr\bin\nio.dll
0x00007fff309c0000 - 0x00007fff309c9000 	C:\Program Files\JetBrains\PyCharm 2025.3.1.1\jbr\bin\management.dll
0x00007fff2fbe0000 - 0x00007fff2fbeb000 	C:\Program Files\JetBrains\PyCharm 2025.3.1.1\jbr\bin\management_ext.dll
0x00007fff434f0000 - 0x00007fff434f8000 	C:\WINDOWS\System32\PSAPI.DLL
0x00007fff051f0000 - 0x00007fff05208000 	C:\WINDOWS\system32\napinsp.dll
0x00007fff3eb80000 - 0x00007fff3ecaa000 	C:\WINDOWS\SYSTEM32\DNSAPI.dll
0x00007fff3eaf0000 - 0x00007fff3eb23000 	C:\WINDOWS\SYSTEM32\IPHLPAPI.DLL
0x00007fff41eb0000 - 0x00007fff41eba000 	C:\WINDOWS\System32\NSI.dll
0x00007fff051d0000 - 0x00007fff051e2000 	C:\WINDOWS\System32\winrnr.dll
0x00007fff051a0000 - 0x00007fff051c2000 	C:\WINDOWS\system32\nlansp_c.dll
0x00007fff0e9e0000 - 0x00007fff0e9f6000 	C:\WINDOWS\system32\wshbth.dll
0x00007fff39200000 - 0x00007fff3920b000 	C:\Windows\System32\rasadhlp.dll
0x00007fff3ae40000 - 0x00007fff3aec6000 	C:\WINDOWS\System32\fwpuclnt.dll
0x00007fff0ba20000 - 0x00007fff0ba30000 	C:\Program Files\JetBrains\PyCharm 2025.3.1.1\jbr\bin\verify.dll
0x00007ffecabc0000 - 0x00007ffecad58000 	C:\Program Files\JetBrains\PyCharm 2025.3.1.1\jbr\bin\awt.dll
0x00007fff28d50000 - 0x00007fff28dc6000 	C:\WINDOWS\SYSTEM32\OLEACC.dll
0x00007fff3d7d0000 - 0x00007fff3d7fe000 	C:\WINDOWS\SYSTEM32\dwmapi.dll
0x00007ffed1c70000 - 0x00007ffed1cb4000 	C:\Program Files\JetBrains\PyCharm 2025.3.1.1\jbr\bin\nvdaControllerClient64.dll
0x00007ffed19f0000 - 0x00007ffed1a7d000 	C:\Program Files\JetBrains\PyCharm 2025.3.1.1\bin\MSVCP140.dll
0x00007fff3d2a0000 - 0x00007fff3d33f000 	C:\WINDOWS\SYSTEM32\apphelp.dll
0x00007fff0ba10000 - 0x00007fff0ba1e000 	C:\Program Files\JetBrains\PyCharm 2025.3.1.1\jbr\bin\sunmscapi.dll
0x00007fff40f80000 - 0x00007fff410f7000 	C:\WINDOWS\System32\CRYPT32.dll
0x00007fff3fba0000 - 0x00007fff3fbd0000 	C:\WINDOWS\SYSTEM32\ncrypt.dll
0x00007fff3fb50000 - 0x00007fff3fb8f000 	C:\WINDOWS\SYSTEM32\NTASN1.dll
0x00007fff06410000 - 0x00007fff06419000 	C:\Program Files\JetBrains\PyCharm 2025.3.1.1\jbr\bin\prefs.dll
0x00007fff3d4e0000 - 0x00007fff3d58a000 	C:\WINDOWS\system32\uxtheme.dll
0x00007fff42920000 - 0x00007fff42a7d000 	C:\WINDOWS\System32\MSCTF.dll
0x00007fff3ae00000 - 0x00007fff3ae08000 	C:\WINDOWS\system32\wshunix.dll
0x00007fff41ec0000 - 0x00007fff42055000 	C:\WINDOWS\System32\ole32.dll
0x00007ffecab30000 - 0x00007ffecabb7000 	C:\Program Files\JetBrains\PyCharm 2025.3.1.1\jbr\bin\freetype.dll
0x00007fff06400000 - 0x00007fff06409000 	C:\Program Files\JetBrains\PyCharm 2025.3.1.1\jbr\bin\extnet.dll
0x00007ffecaa30000 - 0x00007ffecab24000 	C:\Program Files\JetBrains\PyCharm 2025.3.1.1\jbr\bin\fontmanager.dll
0x00007fff3d360000 - 0x00007fff3d389000 	C:\WINDOWS\system32\Wtsapi32.dll
0x00007fff3f3d0000 - 0x00007fff3f419000 	C:\WINDOWS\SYSTEM32\SspiCli.dll
0x00007fff40150000 - 0x00007fff401b3000 	C:\WINDOWS\SYSTEM32\WINSTA.dll
0x00007ffe9cc80000 - 0x00007ffe9cd8e000 	C:\WINDOWS\system32\opengl32.dll
0x00007ffe9c880000 - 0x00007ffe9c8ad000 	C:\WINDOWS\SYSTEM32\GLU32.dll
0x00007fff3d610000 - 0x00007fff3d653000 	C:\WINDOWS\SYSTEM32\dxcore.dll
0x00007ffed1bb0000 - 0x00007ffed1bf9000 	C:\Program Files\JetBrains\PyCharm 2025.3.1.1\lib\jna\amd64\jnidispatch.dll
0x00007fff3f980000 - 0x00007fff3f99b000 	C:\WINDOWS\SYSTEM32\CRYPTSP.dll
0x00007fff3f090000 - 0x00007fff3f0c9000 	C:\WINDOWS\system32\rsaenh.dll
0x00007fff40290000 - 0x00007fff402ba000 	C:\WINDOWS\SYSTEM32\bcrypt.dll
0x00007fff3f9a0000 - 0x00007fff3f9ac000 	C:\WINDOWS\SYSTEM32\CRYPTBASE.dll
0x00007fff00710000 - 0x00007fff00748000 	C:\Program Files\JetBrains\PyCharm 2025.3.1.1\bin\WinShellIntegrationBridge.dll
0x00007fff3f9f0000 - 0x00007fff3fa03000 	C:\WINDOWS\SYSTEM32\MSASN1.dll
0x00007fff3f710000 - 0x00007fff3f740000 	C:\WINDOWS\SYSTEM32\gpapi.dll
0x00007fff439c0000 - 0x00007fff43a6e000 	C:\WINDOWS\System32\clbcatq.dll
0x00007fff12a90000 - 0x00007fff12b3a000 	C:\Windows\System32\appresolver.dll
0x00007fff3ab80000 - 0x00007fff3ac83000 	C:\WINDOWS\system32\propsys.dll
0x00007fff101e0000 - 0x00007fff1023e000 	C:\Windows\System32\Bcp47Langs.dll
0x00007fff41e20000 - 0x00007fff41e9c000 	C:\WINDOWS\System32\coml2.dll
0x00007fff3ff10000 - 0x00007fff3ff67000 	C:\WINDOWS\SYSTEM32\CFGMGR32.dll
0x00007fff20430000 - 0x00007fff2044b000 	C:\WINDOWS\system32\NetworkExplorer.dll
0x00007ffef68f0000 - 0x00007ffef68ff000 	C:\WINDOWS\SYSTEM32\LINKINFO.dll
0x00007ffef8cb0000 - 0x00007ffef8d56000 	C:\WINDOWS\SYSTEM32\ntshrui.dll
0x00007fff318f0000 - 0x00007fff31919000 	C:\WINDOWS\SYSTEM32\srvcli.dll
0x00007fff2f090000 - 0x00007fff2f0a3000 	C:\WINDOWS\SYSTEM32\cscapi.dll
0x00007fff3b580000 - 0x00007fff3b634000 	C:\WINDOWS\SYSTEM32\policymanager.dll
0x00007fff29240000 - 0x00007fff29418000 	C:\WINDOWS\WinSxS\amd64_microsoft.windows.gdiplus_6595b64144ccf1df_1.1.26100.8036_none_6ef439583dc61568\gdiplus.dll
0x00007fff14090000 - 0x00007fff141d8000 	C:\WINDOWS\SYSTEM32\textinputframework.dll
0x00007fff0bcd0000 - 0x00007fff0bd2e000 	C:\WINDOWS\system32\ApplicationTargetedFeatureDatabase.dll
0x00007fff394d0000 - 0x00007fff39714000 	C:\Windows\System32\twinapi.appcore.dll
0x00007fff28fa0000 - 0x00007fff29233000 	C:\WINDOWS\WinSxS\amd64_microsoft.windows.common-controls_6595b64144ccf1df_6.0.26100.8037_none_3e092faae333b53b\comctl32.dll
0x00007fff3b770000 - 0x00007fff3b99d000 	C:\WINDOWS\SYSTEM32\WindowsCodecs.dll
0x00007fff0d750000 - 0x00007fff0d7aa000 	C:\WINDOWS\system32\dataexchange.dll
0x00007fff3cfe0000 - 0x00007fff3d107000 	C:\WINDOWS\SYSTEM32\CoreMessaging.dll
0x00007fff388f0000 - 0x00007fff38bd2000 	C:\WINDOWS\SYSTEM32\CoreUIComponents.dll
0x00007fff438c0000 - 0x00007fff439ae000 	C:\WINDOWS\System32\comdlg32.dll
0x00007fff28310000 - 0x00007fff284bb000 	C:\WINDOWS\System32\DUI70.dll
0x00007ffecf6f0000 - 0x00007ffecf790000 	C:\WINDOWS\System32\DUser.dll
0x00007fff022a0000 - 0x00007fff0233f000 	C:\Program Files\Common Files\microsoft shared\ink\tiptsf.dll
0x00007fff0d2d0000 - 0x00007fff0d383000 	C:\WINDOWS\SYSTEM32\TextShaping.dll
0x00007fff1dee0000 - 0x00007fff1df09000 	C:\WINDOWS\SYSTEM32\edputil.dll
0x00007ffefd4a0000 - 0x00007ffefd778000 	C:\WINDOWS\system32\explorerframe.dll
0x00007ffef8d90000 - 0x00007ffef8dff000 	C:\Windows\System32\thumbcache.dll
0x00007fff0d520000 - 0x00007fff0d6af000 	C:\Windows\System32\Windows.Globalization.dll
0x00007fff04c60000 - 0x00007fff04c94000 	C:\WINDOWS\SYSTEM32\globinputhost.dll
0x00007fff39c70000 - 0x00007fff39cb3000 	C:\WINDOWS\system32\xmllite.dll
0x00007fff1ed70000 - 0x00007fff1ee3a000 	C:\Windows\System32\OneCoreCommonProxyStub.dll
0x00007fff12ff0000 - 0x00007fff13410000 	C:\Windows\System32\uiautomationcore.dll
0x00007fff400a0000 - 0x00007fff40142000 	C:\WINDOWS\SYSTEM32\sxs.dll
0x00007fff04ca0000 - 0x00007fff04cad000 	C:\WINDOWS\SYSTEM32\atlthunk.dll

JVMTI agents:
C:\ja-netfilter-all\ja-netfilter.jar path:C:\Program Files\JetBrains\PyCharm 2025.3.1.1\jbr\bin\instrument.dll, loaded, initialized, instrumentlib options:jetbrains

dbghelp: loaded successfully - version: 4.0.5 - missing functions: none
symbol engine: initialized successfully - sym options: 0x614 - pdb path: .;C:\Program Files\JetBrains\PyCharm 2025.3.1.1\bin;C:\WINDOWS\SYSTEM32;C:\Program Files\JetBrains\PyCharm 2025.3.1.1\jbr\bin\server;C:\Program Files\JetBrains\PyCharm 2025.3.1.1\jbr\bin;C:\WINDOWS\WinSxS\amd64_microsoft.windows.common-controls_6595b64144ccf1df_5.82.26100.8037_none_87ebc5097a2f9e52;C:\Program Files\JetBrains\PyCharm 2025.3.1.1\lib\jna\amd64;C:\WINDOWS\WinSxS\amd64_microsoft.windows.gdiplus_6595b64144ccf1df_1.1.26100.8036_none_6ef439583dc61568;C:\WINDOWS\WinSxS\amd64_microsoft.windows.common-controls_6595b64144ccf1df_6.0.26100.8037_none_3e092faae333b53b;C:\Program Files\Common Files\microsoft shared\ink;C:\Users\andra\AppData\Roaming\Yandex\YandexDisk2\3.2.46.5114;C:\Program Files (x86)\Common Files\Adobe\CoreSyncExtension;C:\PROGRA~1\MICROS~1\Office14;C:\WINDOWS\WinSxS\Fusion\amd64_microsoft.vc90.atl_1fc8b3b9a1e18e3b_none_a268ec259de3174d\9.0\9.0.30729.6161;C:\WINDOWS\WinSxS\amd64_microsoft.vc90.crt_1fc8b3b9a1e18e3b_9.0.30729.9635_none_08e2c157a83ed5da;C:\PROGRA~1\COMMON~1\MICROS~1\OFFICE14\Cultures;C:\PROGRA~1\MICROS~1\Office14\1049;C:\Windows\System32\lxss;C:\Users\andra\AppData\Local\Temp;C:\ProgramData\Microsoft\Windows Defender\Platform\4.18.26020.6-0

VM Arguments:
jvm_args: abort vfprintf -XX:ErrorFile=C:\Users\andra\java_error_in_pycharm_%p.log -XX:HeapDumpPath=C:\Users\andra\java_error_in_pycharm.hprof -Xms256m -Xmx2048m -XX:JbrShrinkingGcMaxHeapFreeRatio=40 -XX:ReservedCodeCacheSize=512m -XX:+HeapDumpOnOutOfMemoryError -XX:-OmitStackTraceInFastThrow -XX:CICompilerCount=2 -XX:+IgnoreUnrecognizedVMOptions -XX:+UnlockDiagnosticVMOptions -XX:TieredOldPercentage=100000 -ea -Dsun.io.useCanonCaches=false -Dsun.java2d.metal=true -Djbr.catch.SIGABRT=true -Djdk.http.auth.tunneling.disabledSchemes="" -Djdk.attach.allowAttachSelf=true -Djdk.module.illegalAccess.silent=true -Djdk.nio.maxCachedBufferSize=2097152 -Djava.util.zip.use.nio.for.zip.file.access=true -Dkotlinx.coroutines.debug=off -Djava.nio.file.spi.DefaultFileSystemProvider=com.intellij.platform.core.nio.fs.MultiRoutingFileSystemProvider -Dwelcome.screen.defaultWidth=1000 -Dwelcome.screen.defaultHeight=720 -Dintellij.startup.wizard.initial.timeout=1 -Xms128m -Xmx1024m -XX:ReservedCodeCacheSize=512m -XX:+IgnoreUnrecognizedVMOptions -XX:+UseG1GC -XX:SoftRefLRUPolicyMSPerMB=50 -XX:CICompilerCount=2 -XX:+HeapDumpOnOutOfMemoryError -XX:-OmitStackTraceInFastThrow -ea -Dsun.io.useCanonCaches=false -Djdk.http.auth.tunneling.disabledSchemes="" -Djdk.attach.allowAttachSelf=true -Djdk.module.illegalAccess.silent=true -Dkotlinx.coroutines.debug=off -XX:ErrorFile=$USER_HOME/java_error_in_idea_%p.log -XX:HeapDumpPath=$USER_HOME/java_error_in_idea.hprof --add-opens=java.base/jdk.internal.org.objectweb.asm=ALL-UNNAMED --add-opens=java.base/jdk.internal.org.objectweb.asm.tree=ALL-UNNAMED -javaagent:C:\ja-netfilter-all\ja-netfilter.jar=jetbrains -Djb.vmOptionsFile=C:\ja-netfilter-all\vmoptions\pycharm.vmoptions -Xbootclasspath/a:C:\Program Files\JetBrains\PyCharm 2025.3.1.1\lib\nio-fs.jar -Djava.system.class.loader=com.intellij.util.lang.PathClassLoader -Didea.vendor.name=JetBrains -Didea.paths.selector=PyCharm2025.3 -Djna.boot.library.path=C:\Program Files\JetBrains\PyCharm 2025.3.1.1/lib/jna/amd64 -Djna.nosys=true -Djna.noclasspath=true -Dpty4j.preferred.native.folder=C:\Program Files\JetBrains\PyCharm 2025.3.1.1/lib/pty4j -Dio.netty.allocator.type=pooled -Dskiko.library.path=C:\Program Files\JetBrains\PyCharm 2025.3.1.1/lib/skiko-awt-runtime-all -Dintellij.platform.runtime.repository.path=C:\Program Files\JetBrains\PyCharm 2025.3.1.1/modules/module-descriptors.dat -Didea.platform.prefix=Python -Dwsl.use.remote.agent.for.nio.filesystem=true -Djava.nio.file.spi.DefaultFileSystemProvider=com.intellij.platform.core.nio.fs.MultiRoutingFileSystemProvider -Dsplash=true -Daether.connector.resumeDownloads=false -Dcompose.swing.render.on.graphics=true --add-opens=java.base/java.io=ALL-UNNAMED --add-opens=java.base/java.lang=ALL-UNNAMED --add-opens=java.base/java.lang.ref=ALL-UNNAMED --add-opens=java.base/java.lang.reflect=ALL-UNNAMED --add-opens=java.base/java.net=ALL-UNNAMED --add-opens=java.base/java.nio=ALL-UNNAMED --add-opens=java.base/java.nio.charset=ALL-UNNAMED --add-opens=java.base/java.text=ALL-UNNAMED --add-opens=java.base/java.time=ALL-UNNAMED --add-opens=java.base/java.util=ALL-UNNAMED --add-opens=java.base/java.util.concurrent=ALL-UNNAMED --add-opens=java.base/java.util.concurrent.atomic=ALL-UNNAMED --add-opens=java.base/java.util.concurrent.locks=ALL-UNNAMED --add-opens=java.base/jdk.internal.ref=ALL-UNNAMED --add-opens=java.base/jdk.internal.vm=ALL-UNNAMED --add-opens=java.base/sun.net.dns=ALL-UNNAMED --add-opens=java.base/sun.nio=ALL-UNNAMED --add-opens=java.base/sun.nio.ch=ALL-UNNAMED --add-opens=java.base/sun.nio.fs=ALL-UNNAMED --add-opens=java.base/sun.security.ssl=ALL-UNNAMED --add-opens=java.base/sun.security.util=ALL-UNNAMED --add-opens=java.desktop/com.sun.java.swing=ALL-UNNAMED --add-opens=java.desktop/java.awt=ALL-UNNAMED --add-opens=java.desktop/java.awt.dnd.peer=ALL-UNNAMED --add-opens=java.desktop/java.awt.event=ALL-UNNAMED --add-opens=java.desktop/java.awt.font=ALL-UNNAMED --add-opens=java.desktop/java.awt.image=ALL-UNNAMED --add-opens=java.desktop/java.awt.peer=ALL-UNNAMED --add-opens=java.desktop/javax.swing=ALL-UNNAMED --add-opens=java.desktop/javax.swing.plaf.basic=ALL-UNNAMED --add-opens=java.desktop/javax.swing.text=ALL-UNNAMED --add-opens=java.desktop/javax.swing.text.html=ALL-UNNAMED --add-opens=java.desktop/javax.swing.text.html.parser=ALL-UNNAMED --add-opens=java.desktop/sun.awt=ALL-UNNAMED --add-opens=java.desktop/sun.awt.datatransfer=ALL-UNNAMED --add-opens=java.desktop/sun.awt.image=ALL-UNNAMED --add-opens=java.desktop/sun.awt.windows=ALL-UNNAMED --add-opens=java.desktop/sun.font=ALL-UNNAMED --add-opens=java.desktop/sun.java2d=ALL-UNNAMED --add-opens=java.desktop/sun.swing=ALL-UNNAMED --add-opens=java.management/sun.management=ALL-UNNAMED --add-opens=jdk.attach/sun.tools.attach=ALL-UNNAMED --add-opens=jdk.compiler/com.sun.tools.javac.api=ALL-UNNAMED --add-opens=jdk.internal.jvmstat/sun.jvmstat.monitor=ALL-UNNAMED --add-opens=jdk.jdi/com.sun.tools.jdi=ALL-UNNAMED -Dide.native.launcher=true -Djcef.sandbox.ptr=0000027A27A0C090 -Djcef.sandbox.cefVersion=122.1.9+gd14e051+chromium-122.0.6261.94 
java_command: com.intellij.idea.Main C:\Users\andra\Desktop\Informatics\Hackaton\MIPT_Artraid_Hack\Artraid\EDA\CythonFiles\setup.py
java_class_path (initial): C:\Program Files\JetBrains\PyCharm 2025.3.1.1\lib\platform-loader.jar;C:\Program Files\JetBrains\PyCharm 2025.3.1.1\lib\util-8.jar;C:\Program Files\JetBrains\PyCharm 2025.3.1.1\lib\app.jar;C:\Program Files\JetBrains\PyCharm 2025.3.1.1\lib\util.jar;C:\Program Files\JetBrains\PyCharm 2025.3.1.1\lib\product-backend.jar;C:\Program Files\JetBrains\PyCharm 2025.3.1.1\lib\app-backend.jar;C:\Program Files\JetBrains\PyCharm 2025.3.1.1\lib\annotations.jar;C:\Program Files\JetBrains\PyCharm 2025.3.1.1\lib\eclipse.lsp4j.debug.jar;C:\Program Files\JetBrains\PyCharm 2025.3.1.1\lib\eclipse.lsp4j.jar;C:\Program Files\JetBrains\PyCharm 2025.3.1.1\lib\eclipse.lsp4j.jsonrpc.debug.jar;C:\Program Files\JetBrains\PyCharm 2025.3.1.1\lib\eclipse.lsp4j.jsonrpc.jar;C:\Program Files\JetBrains\PyCharm 2025.3.1.1\lib\external-system-rt.jar;C:\Program Files\JetBrains\PyCharm 2025.3.1.1\lib\externalProcess-rt.jar;C:\Program Files\JetBrains\PyCharm 2025.3.1.1\lib\forms_rt.jar;C:\Program Files\JetBrains\PyCharm 2025.3.1.1\lib\groovy.jar;C:\Program Files\JetBrains\PyCharm 2025.3.1.1\lib\javax.activation.jar;C:\Program Files\JetBrains\PyCharm 2025.3.1.1\lib\javax.annotation-api.jar;C:\Program Files\JetBrains\PyCharm 2025.3.1.1\lib\jaxb-api.jar;C:\Program Files\JetBrains\PyCharm 2025.3.1.1\lib\jaxb-runtime.jar;C:\Program Files\JetBrains\PyCharm 2025.3.1.1\lib\jps-model.jar;C:\Program Files\JetBrains\PyCharm 2025.3.1.1\lib\jsch-agent.jar;C:\Program Files\JetBrains\PyCharm 2025.3.1.1\lib\lib-backend.jar;C:\Program Files\JetBrains\PyCharm 2025.3.1.1\lib\lib.jar;C:\Program Files\JetBrains\PyCharm 2025.3.1.1\lib\module-intellij.libraries.aalto.xml.jar;C:\Program Files\JetBrains\PyCharm 2025.3.1.1\lib\module-intellij.libraries.asm.jar;C:\Program Files\JetBrains\PyCharm 2025.3.1.1\lib\module-intellij.libraries.asm.tools.jar;C:\Program Files\JetBrains\PyCharm 2025.3.1.1\lib\module-intellij.libraries.automaton.jar;C:\Program Files\JetBrains\PyCharm 2025.3.1.1\lib\module-intellij.libraries.blockmap.jar;C:\Program Files\JetBrains\PyCharm 2025.3.1.1\lib\module-intellij.libraries.bouncy.castle.pgp.jar;C:\Program Files\JetBrains\PyCharm 2025.3.1.1\lib\module-intellij.libraries.bouncy.castle.provider.jar;C:\Program Files\JetBrains\PyCharm 2025.3.1.1\lib\module-intellij.libraries.caffeine.jar;C:\Program Files\JetBrains\PyCharm 2025.3.1.1\lib\module-intellij.libraries.cglib.jar;C:\Program Files\JetBrains\PyCharm 2025.3.1.1\lib\module-intellij.libraries.classgraph.jar;C:\Program Files\JetBrains\PyCharm 2025.3.1.1\lib\module-intellij.libraries.cli.parser.jar;C:\Program Files\JetBrains\PyCharm 2025.3.1.1\lib\module-intellij.libraries.commons.cli.jar;C:\Program Files\JetBrains\PyCharm 2025.3.1.1\lib\module-intellij.libraries.commons.codec.jar;C:\Program Files\JetBrains\PyCharm 2025.3.1.1\lib\module-intellij.libraries.commons.compress.jar;C:\Program Files\JetBrains\PyCharm 2025.3.1.1\lib\module-intellij.libraries.commons.imaging.jar;C:\Program Files\JetBrains\PyCharm 2025.3.1.1\lib\module-intellij.libraries.commons.io.jar;C:\Program Files\JetBrains\PyCharm 2025.3.1.1\lib\module-intellij.libraries.commons.lang3.jar;C:\Program Files\JetBrains\PyCharm 2025.3.1.1\lib\module-intellij.libraries.commons.logging.jar;C:\Program Files\JetBrains\PyCharm 2025.3.1.1\lib\module-intellij.libraries.fastutil.jar;C:\Program Files\JetBrains\PyCharm 2025.3.1.1\lib\module-intellij.libraries.gson.jar;C:\Program Files\JetBrains\PyCharm 2025.3.1.1\lib\module-intellij.libraries.guava.jar;C:\Program Files\JetBrains\PyCharm 2025.3.1.1\lib\module-intellij.libraries.hash4j.jar;C:\Program Files\JetBrains\PyCharm 2025.3.1.1\lib\module-intellij.libraries.hdr.histogram.jar;C:\Program Files\JetBrains\PyCharm 2025.3.1.1\lib\module-intellij.libraries.http.client.jar;C:\Program Files\JetBrains\PyCharm 2025.3.1.1\lib\module-intellij.libraries.icu4j.jar;C:\Program Files\JetBrains\PyCharm 2025.3.1.1\lib\module-intellij.libraries.imgscalr.jar;C:\Program Files\JetBrains\PyCharm 2025.3.1.1\lib\module-intellij.libraries.ini4j.jar;C:\Program Files\JetBrains\PyCharm 2025.3.1.1\lib\module-intellij.libraries.ion.jar;C:\Program Files\JetBrains\PyCharm 2025.3.1.1\lib\module-intellij.libraries.jackson.databind.jar;C:\Program Files\JetBrains\PyCharm 2025.3.1.1\lib\module-intellij.libraries.jackson.dataformat.yaml.jar;C:\Program Files\JetBrains\PyCharm 2025.3.1.1\lib\module-intellij.libraries.jackson.jar;C:\Program Files\JetBrains\PyCharm 2025.3.1.1\lib\module-intellij.libraries.jackson.jr.objects.jar;C:\Program Files\JetBrains\PyCharm 2025.3.1.1\lib\module-intellij.libraries.jackson.module.kotlin.jar;C:\Program Files\JetBrains\PyCharm 2025.3.1.1\lib\module-intellij.libraries.java.websocket.jar;C:\Program Files\JetBrains\PyCharm 2025.3.1.1\lib\module-intellij.libraries.javax.annotation.jar;C:\Program Files\JetBrains\PyCharm 2025.3.1.1\lib\module-intellij.libraries.jaxen.jar;C:\Program Files\JetBrains\PyCharm 2025.3.1.1\lib\module-intellij.libraries.jbr.jar;C:\Program Files\JetBrains\PyCharm 2025.3.1.1\lib\module-intellij.libraries.jcef.jar;C:\Program Files\JetBrains\PyCharm 2025.3.1.1\lib\module-intellij.libraries.jcip.jar;C:\Program Files\JetBrains\PyCharm 2025.3.1.1\lib\module-intellij.libraries.jediterm.core.jar;C:\Program Files\JetBrains\PyCharm 2025.3.1.1\lib\module-intellij.libraries.jediterm.ui.jar;C:\Program Files\JetBrains\PyCharm 2025.3.1.1\lib\module-intellij.libraries.jettison.jar;C:\Program Files\JetBrains\PyCharm 2025.3.1.1\lib\module-intellij.libraries.jsonpath.jar;C:\Program Files\JetBrains\PyCharm 2025.3.1.1\lib\module-intellij.libraries.jsoup.jar;C:\Program Files\JetBrains\PyCharm 2025.3.1.1\lib\module-intellij.libraries.jsvg.jar;C:\Program Files\JetBrains\PyCharm 2025.3.1.1\lib\module-intellij.libraries.jvm.native.trusted.roots.jar;C:\Program Files\JetBrains\PyCharm 2025.3.1.1\lib\module-intellij.libraries.jzlib.jar;C:\Program Files\JetBrains\PyCharm 2025.3.1.1\lib\module-intellij.libraries.kotlin.reflect.jar;C:\Program Files\JetBrains\PyCharm 2025.3.1.1\lib\module-intellij.libraries.kotlinx.collections.immutable.jar;C:\Program Files\JetBrains\PyCharm 2025.3.1.1\lib\module-intellij.libraries.kotlinx.coroutines.slf4j.jar;C:\Program Files\JetBrains\PyCharm 2025.3.1.1\lib\module-intellij.libraries.kotlinx.datetime.jar;C:\Program Files\JetBrains\PyCharm 2025.3.1.1\lib\module-intellij.libraries.kotlinx.html.jar;C:\Program Files\JetBrains\PyCharm 2025.3.1.1\lib\module-intellij.libraries.kotlinx.io.jar;C:\Program Files\JetBrains\PyCharm 2025.3.1.1\lib\module-intellij.libraries.kotlinx.serialization.core.jar;C:\Program Files\JetBrains\PyCharm 2025.3.1.1\lib\module-intellij.libraries.kotlinx.serialization.json.jar;C:\Program Files\JetBrains\PyCharm 2025.3.1.1\lib\module-intellij.libraries.kotlinx.serialization.protobuf.jar;C:\Program Files\JetBrains\PyCharm 2025.3.1.1\lib\module-intellij.libraries.kryo5.jar;C:\Program Files\JetBrains\PyCharm 2025.3.1.1\lib\module-intellij.libraries.ktor.client.cio.jar;C:\Program Files\JetBrains\PyCharm 2025.3.1.1\lib\module-intellij.libraries.ktor.client.jar;C:\Program Files\JetBrains\PyCharm 2025.3.1.1\lib\module-intellij.libraries.ktor.io.jar;C:\Program Files\JetBrains\PyCharm 2025.3.1.1\lib\module-intellij.libraries.ktor.network.tls.jar;C:\Program Files\JetBrains\PyCharm 2025.3.1.1\lib\module-intellij.libraries.ktor.utils.jar;C:\Program Files\JetBrains\PyCharm 2025.3.1.1\lib\module-intellij.libraries.lz4.jar;C:\Program Files\JetBrains\PyCharm 2025.3.1.1\lib\module-intellij.libraries.markdown.jar;C:\Program Files\JetBrains\PyCharm 2025.3.1.1\lib\module-intellij.libraries.miglayout.swing.jar;C:\Program Files\JetBrains\PyCharm 2025.3.1.1\lib\module-intellij.libraries.mvstore.jar;C:\Program Files\JetBrains\PyCharm 2025.3.1.1\lib\module-intellij.libraries.oro.matcher.jar;C:\Program Files\JetBrains\PyCharm 2025.3.1.1\lib\module-intellij.libraries.proxy.vole.jar;C:\Program Files\JetBrains\PyCharm 2025.3.1.1\lib\module-intellij.libraries.pty4j.jar;C:\Program Files\JetBrains\PyCharm 2025.3.1.1\lib\module-intellij.libraries.rd.text.jar;C:\Program Files\JetBrains\PyCharm 2025.3.1.1\lib\module-intellij.libraries.rhino.jar;C:\Program Files\JetBrains\PyCharm 2025.3.1.1\lib\module-intellij.libraries.snakeyaml.engine.jar;C:\Program Files\JetBrains\PyCharm 2025.3.1.1\lib\module-intellij.libraries.snakeyaml.jar;C:\Program Files\JetBrains\PyCharm 2025.3.1.1\lib\module-intellij.libraries.sshj.jar;C:\Program Files\JetBrains\PyCharm 2025.3.1.1\lib\module-intellij.libraries.stream.jar;C:\Program Files\JetBrains\PyCharm 2025.3.1.1\lib\module-intellij.libraries.velocity.jar;C:\Program Files\JetBrains\PyCharm 2025.3.1.1\lib\module-intellij.libraries.winp.jar;C:\Program Files\JetBrains\PyCharm 2025.3.1.1\lib\module-intellij.libraries.xerces.jar;C:\Program Files\JetBrains\PyCharm 2025.3.1.1\lib\module-intellij.libraries.xstream.jar;C:\Program Files\JetBrains\PyCharm 2025.3.1.1\lib\module-intellij.libraries.xtext.xbase.jar;C:\Program Files\JetBrains\PyCharm 2025.3.1.1\lib\module-intellij.libraries.xz.jar;C:\Program Files\JetBrains\PyCharm 2025.3.1.1\lib\module-intellij.platform.debugger.impl.rpc.jar;C:\Program Files\JetBrains\PyCharm 2025.3.1.1\lib\module-intellij.platform.debugger.impl.shared.jar;C:\Program Files\JetBrains\PyCharm 2025.3.1.1\lib\module-intellij.platform.eel.impl.jar;C:\Program Files\JetBrains\PyCharm 2025.3.1.1\lib\module-intellij.platform.find.jar;C:\Program Files\JetBrains\PyCharm 2025.3.1.1\lib\module-intellij.platform.managed.cache.jar;C:\Program Files\JetBrains\PyCharm 2025.3.1.1\lib\module-intellij.platform.polySymbols.backend.jar;C:\Program Files\JetBrains\PyCharm 2025.3.1.1\lib\module-intellij.platform.polySymbols.jar;C:\Program Files\JetBrains\PyCharm 2025.3.1.1\lib\module-intellij.platform.rpc.topics.jar;C:\Program Files\JetBrains\PyCharm 2025.3.1.1\lib\module-intellij.platform.scopes.jar;C:\Program Files\JetBrains\PyCharm 2025.3.1.1\lib\module-intellij.platform.vcs.core.jar;C:\Program Files\JetBrains\PyCharm 2025.3.1.1\lib\module-intellij.platform.vcs.jar;C:\Program Files\JetBrains\PyCharm 2025.3.1.1\lib\module-intellij.platform.vcs.shared.jar;C:\Program Files\JetBrains\PyCharm 2025.3.1.1\lib\module-intellij.regexp.jar;C:\Program Files\JetBrains\PyCharm 2025.3.1.1\lib\module-intellij.xml.analysis.impl.jar;C:\Program Files\JetBrains\PyCharm 2025.3.1.1\lib\module-intellij.xml.analysis.jar;C:\Program Files\JetBrains\PyCharm 2025.3.1.1\lib\module-intellij.xml.dom.impl.jar;C:\Program Files\JetBrains\PyCharm 2025.3.1.1\lib\module-intellij.xml.dom.jar;C:\Program Files\JetBrains\PyCharm 2025.3.1.1\lib\module-intellij.xml.impl.jar;C:\Program Files\JetBrains\PyCharm 2025.3.1.1\lib\module-intellij.xml.parser.jar;C:\Program Files\JetBrains\PyCharm 2025.3.1.1\lib\module-intellij.xml.psi.impl.jar;C:\Program Files\JetBrains\PyCharm 2025.3.1.1\lib\module-intellij.xml.psi.jar;C:\Program Files\JetBrains\PyCharm 2025.3.1.1\lib\module-intellij.xml.structureView.impl.jar;C:\Program Files\JetBrains\PyCharm 2025.3.1.1\lib\module-intellij.xml.structureView.jar;C:\Program Files\JetBrains\PyCharm 2025.3.1.1\lib\module-intellij.xml.syntax.jar;C:\Program Files\JetBrains\PyCharm 2025.3.1.1\lib\module-intellij.xml.ui.common.jar;C:\Program Files\JetBrains\PyCharm 2025.3.1.1\lib\opentelemetry.jar;C:\Program Files\JetBrains\PyCharm 2025.3.1.1\lib\product.jar;C:\Program Files\JetBrains\PyCharm 2025.3.1.1\lib\protobuf.jar;C:\Program Files\JetBrains\PyCharm 2025.3.1.1\lib\rd.jar;C:\Program Files\JetBrains\PyCharm 2025.3.1.1\lib\rhino.jar;C:\Program Files\JetBrains\PyCharm 2025.3.1.1\lib\stats.jar;C:\Program Files\JetBrains\PyCharm 2025.3.1.1\lib\trove.jar;C:\Program Files\JetBrains\PyCharm 2025.3.1.1\lib\util_rt.jar
Launcher Type: generic

[Global flags]
     intx CICompilerCount                          = 2                                         {product} {command line}
     uint ConcGCThreads                            = 3                                         {product} {ergonomic}
    ccstr ErrorFile                                = $USER_HOME/java_error_in_idea_%p.log            {product} {command line}
     uint G1ConcRefinementThreads                  = 10                                        {product} {ergonomic}
   size_t G1HeapRegionSize                         = 1048576                                   {product} {ergonomic}
    uintx GCDrainStackTargetSize                   = 64                                        {product} {ergonomic}
     bool HeapDumpOnOutOfMemoryError               = true                                   {manageable} {command line}
    ccstr HeapDumpPath                             = $USER_HOME/java_error_in_idea.hprof         {manageable} {command line}
     bool IgnoreUnrecognizedVMOptions              = true                                      {product} {command line}
   size_t InitialHeapSize                          = 134217728                                 {product} {command line}
    uintx JbrShrinkingGcMaxHeapFreeRatio           = 40                                     {manageable} {command line}
   size_t MarkStackSize                            = 4194304                                   {product} {ergonomic}
   size_t MaxHeapSize                              = 1073741824                                {product} {command line}
   size_t MaxNewSize                               = 643825664                                 {product} {ergonomic}
   size_t MinHeapDeltaBytes                        = 1048576                                   {product} {ergonomic}
   size_t MinHeapSize                              = 134217728                                 {product} {command line}
    uintx NonNMethodCodeHeapSize                   = 5826188                                {pd product} {ergonomic}
    uintx NonProfiledCodeHeapSize                  = 265522362                              {pd product} {ergonomic}
     bool OmitStackTraceInFastThrow                = false                                     {product} {command line}
    uintx ProfiledCodeHeapSize                     = 265522362                              {pd product} {ergonomic}
    uintx ReservedCodeCacheSize                    = 536870912                              {pd product} {command line}
     bool SegmentedCodeCache                       = true                                      {product} {ergonomic}
   size_t SoftMaxHeapSize                          = 1073741824                             {manageable} {ergonomic}
     intx SoftRefLRUPolicyMSPerMB                  = 50                                        {product} {command line}
     intx TieredOldPercentage                      = 100000                                 {diagnostic} {command line}
     bool UnlockDiagnosticVMOptions                = true                                   {diagnostic} {command line}
     bool UseCompressedOops                        = true                           {product lp64_product} {ergonomic}
     bool UseG1GC                                  = true                                      {product} {command line}
     bool UseLargePagesIndividualAllocation        = false                                  {pd product} {ergonomic}

Logging:
Log output configuration:
 #0: stdout all=warning uptime,level,tags foldmultilines=false
 #1: stderr all=off uptime,level,tags foldmultilines=false

Release file:
JAVA_VERSION="21.0.9" 
MODULES="java.base java.datatransfer java.xml java.prefs java.desktop gluegen.rt java.compiler java.instrument java.logging java.management java.security.sasl java.naming java.rmi java.management.rmi java.net.http java.scripting java.security.jgss java.transaction.xa java.sql java.sql.rowset java.xml.crypto java.se java.smartcardio jogl.all jcef jdk.accessibility jdk.internal.jvmstat jdk.attach jdk.charsets jdk.internal.opt jdk.zipfs jdk.compiler jdk.crypto.ec jdk.crypto.cryptoki jdk.crypto.mscapi jdk.dynalink jdk.hotspot.agent jdk.httpserver jdk.internal.ed jdk.internal.le jdk.internal.vm.ci jdk.javadoc jdk.jcmd jdk.jdwp.agent jdk.jdi jdk.jfr jdk.jsobject jdk.localedata jdk.management jdk.management.agent jdk.management.jfr jdk.naming.dns jdk.naming.rmi jdk.net jdk.sctp jdk.security.auth jdk.security.jgss jdk.unsupported jdk.unsupported.desktop jdk.xml.dom" 
IMPLEMENTOR="JetBrains s.r.o." 
IMPLEMENTOR_VERSION="JBR-21.0.9+1-1163.86-jcef" 
JAVA_RUNTIME_VERSION="21.0.9+1-b1163.86" 
LIBC="default" 
OS_ARCH="x86_64" 
OS_NAME="Windows" 
SOURCE=".:git:1a60506bbd2d+ jcef_git:git:4a605f44671a" 
JCEF_VERSION="137.0.17.1086+g6f9ab69" 
JCEF_COMMIT_HASH="6f9ab690b28a1262f82e6f869c310bdf1d0697ac" 

Environment Variables:
PATH=C:\Program Files (x86)\Common Files\Oracle\Java\java8path;C:\Program Files (x86)\Common Files\Oracle\Java\javapath;C:\WINDOWS\system32;C:\WINDOWS;C:\WINDOWS\System32\Wbem;C:\WINDOWS\System32\WindowsPowerShell\v1.0\;C:\WINDOWS\System32\OpenSSH\;C:\Program Files\Git\cmd;C:\Program Files (x86)\Pulse Secure\VC142.CRT\X64\;C:\Program Files (x86)\Pulse Secure\VC142.CRT\X86\;C:\Program Files (x86)\Common Files\Pulse Secure\TNC Client Plugin\;C:\Program Files (x86)\Gpg4win\..\GnuPG\bin;C:\Program Files\dotnet\;C:\Users\andra\AppData\Local\Programs\Python\Python311\Scripts\;C:\Users\andra\AppData\Local\Programs\Python\Python311\;C:\Users\andra\AppData\Local\Microsoft\WindowsApps;C:\Users\andra\AppData\Local\GitHubDesktop\bin;C:\texlive\2023\bin\windows;C:\Users\andra\AppData\Local\Programs\MiKTeX\miktex\bin\x64\;C:\Program Files\JetBrains\CLion 2023.1\bin\mingw\bin;C:\Program Files\JetBrains\PyCharm 2025.3.1.1\bin;C:\Program Files\JetBrains\CLion 2023.1\bin;;C:\Program Files\cmake-4.2.3-windows-x86_64\bin;
USERNAME=andra
OS=Windows_NT
PROCESSOR_IDENTIFIER=AMD64 Family 23 Model 104 Stepping 1, AuthenticAMD
TMP=C:\Users\andra\AppData\Local\Temp
TEMP=C:\Users\andra\AppData\Local\Temp




Periodic native trim disabled

JNI global refs:
JNI global refs: 156, weak refs: 146

JNI global refs memory usage: 2099, weak refs: 7345

Process memory usage:
Resident Set Size: 1265244K (16% of 7694908K total physical memory with 520156K free physical memory)

OOME stack traces (most recent first):
Classloader memory used:
Loader com.intellij.util.lang.PathClassLoader                                          : 233M
Loader com.intellij.ide.plugins.cl.PluginClassLoader                                   : 98588K
Loader bootstrap                                                                       : 51429K
Loader jdk.internal.loader.ClassLoaders$PlatformClassLoader                            : 3013K
Loader jdk.internal.loader.ClassLoaders$AppClassLoader                                 : 790K
Loader sun.reflect.misc.MethodUtil                                                     : 4248B

---------------  S Y S T E M  ---------------

OS:
 Windows 11 , 64 bit Build 26100 (10.0.26100.7920)
OS uptime: 7 days 0:09 hours
Hyper-V role detected

CPU: total 12 (initial active 12) (12 cores per cpu, 2 threads per core) family 23 model 104 stepping 1 microcode 0x8608103, cx8, cmov, fxsr, ht, mmx, 3dnowpref, sse, sse2, sse3, ssse3, sse4a, sse4.1, sse4.2, popcnt, lzcnt, tsc, tscinvbit, avx, avx2, aes, clmul, bmi1, bmi2, adx, sha, fma, vzeroupper, clflush, clflushopt, hv, rdtscp, rdpid, f16c
Processor Information for processor 0
  Max Mhz: 2100, Current Mhz: 2100, Mhz Limit: 2100
Processor Information for processor 1
  Max Mhz: 2100, Current Mhz: 1988, Mhz Limit: 2100
Processor Information for processor 2
  Max Mhz: 2100, Current Mhz: 2100, Mhz Limit: 2100
Processor Information for processor 3
  Max Mhz: 2100, Current Mhz: 2100, Mhz Limit: 2100
Processor Information for processor 4
  Max Mhz: 2100, Current Mhz: 1988, Mhz Limit: 2100
Processor Information for processor 5
  Max Mhz: 2100, Current Mhz: 1988, Mhz Limit: 2100
Processor Information for processor 6
  Max Mhz: 2100, Current Mhz: 1988, Mhz Limit: 2100
Processor Information for processor 7
  Max Mhz: 2100, Current Mhz: 1988, Mhz Limit: 2100
Processor Information for processor 8
  Max Mhz: 2100, Current Mhz: 1988, Mhz Limit: 2100
Processor Information for processor 9
  Max Mhz: 2100, Current Mhz: 1988, Mhz Limit: 2100
Processor Information for processor 10
  Max Mhz: 2100, Current Mhz: 1988, Mhz Limit: 2100
Processor Information for processor 11
  Max Mhz: 2100, Current Mhz: 1988, Mhz Limit: 2100

Memory: 4k page, system-wide physical 7514M (487M free)
TotalPageFile size 31066M (AvailPageFile size 0M)
current process WorkingSet (physical memory assigned to process): 1246M, peak: 2056M
current process commit charge ("private bytes"): 1832M, peak: 2180M

vm_info: OpenJDK 64-Bit Server VM (21.0.9+1-b1163.86) for windows-amd64 JRE (21.0.9+1-b1163.86), built on 2025-12-02 by "builduser" with MS VC++ 16.10 / 16.11 (VS2019)

END.
